datetime,experiment,simulation time,op started,fault is active,safety violated,crashed,speed,steer,throttle,brake,factor,brake delay,init distance,safe distance
2022-12-15 10:25:03,1,96.94,True,False,False,False,4.782,0.001,0.0,0.071,15.815,108.958,30.0,5.0
2022-12-15 10:25:03,1,96.99,True,False,False,False,4.937,0.001,0.0,0.086,15.815,108.958,30.0,5.0
2022-12-15 10:25:03,1,97.04,True,False,False,False,4.861,0.001,0.0,0.097,15.815,108.958,30.0,5.0
2022-12-15 10:25:03,1,97.09,True,False,False,False,4.873,0.001,0.0,0.09,15.815,108.958,30.0,5.0
2022-12-15 10:25:04,1,97.14,True,False,False,False,4.708,0.001,0.0,0.071,15.815,108.958,30.0,5.0
2022-12-15 10:25:04,1,97.19,True,False,False,False,4.681,0.001,0.0,0.039,15.815,108.958,30.0,5.0
2022-12-15 10:25:04,1,97.24,True,False,False,False,4.498,0.001,0.0,0.007,15.815,108.958,30.0,5.0
2022-12-15 10:25:04,1,97.29,True,False,False,False,4.476,0.001,0.161,0.0,15.815,108.958,30.0,5.0
2022-12-15 10:25:04,1,97.34,True,False,False,False,4.305,0.001,0.284,0.0,15.815,108.958,30.0,5.0
2022-12-15 10:25:04,1,97.39,True,False,False,False,4.327,0.001,0.445,0.0,15.815,108.958,30.0,5.0
2022-12-15 10:25:04,1,97.44,True,False,False,False,4.242,0.001,0.577,0.0,15.815,108.958,30.0,5.0
2022-12-15 10:25:04,1,97.49,True,False,False,False,4.373,0.001,0.682,0.0,15.815,108.958,30.0,5.0
2022-12-15 10:25:04,1,97.54,True,False,False,False,4.426,0.001,0.755,0.0,15.815,108.958,30.0,5.0
2022-12-15 10:25:04,1,97.59,True,False,False,False,4.684,0.001,0.795,0.0,15.815,108.958,30.0,5.0
2022-12-15 10:25:04,1,97.64,True,False,False,False,4.878,0.001,0.788,0.0,15.815,108.958,30.0,5.0
2022-12-15 10:25:04,1,97.69,True,False,False,False,5.22,0.002,0.755,0.0,15.815,108.958,30.0,5.0
2022-12-15 10:25:04,1,97.74,True,False,False,False,5.46,0.001,0.688,0.0,15.815,108.958,30.0,5.0
2022-12-15 10:25:04,1,97.79,True,False,False,False,5.813,0.002,0.622,0.0,15.815,108.958,30.0,5.0
2022-12-15 10:25:05,1,97.84,True,False,False,False,6.04,0.002,0.543,0.0,15.815,108.958,30.0,5.0
2022-12-15 10:25:05,1,97.89,True,False,False,False,6.334,0.002,0.468,0.0,15.815,108.958,30.0,5.0
2022-12-15 10:25:05,1,97.94,True,False,False,False,6.496,0.002,0.406,0.0,15.815,108.958,30.0,5.0
2022-12-15 10:25:05,1,97.99,True,False,False,False,6.708,0.002,0.371,0.0,15.815,108.958,30.0,5.0
2022-12-15 10:25:05,1,98.04,True,False,False,False,6.797,0.002,0.352,0.0,15.815,108.958,30.0,5.0
2022-12-15 10:25:05,1,98.09,True,False,False,False,6.943,0.002,0.346,0.0,15.815,108.958,30.0,5.0
2022-12-15 10:25:05,1,98.14,True,False,False,False,6.985,0.002,0.353,0.0,15.815,108.958,30.0,5.0
2022-12-15 10:25:05,1,98.19,True,False,False,False,7.097,0.002,0.396,0.0,15.815,108.958,30.0,5.0
2022-12-15 10:25:05,1,98.24,True,False,False,False,7.128,0.002,0.431,0.0,15.815,108.958,30.0,5.0
2022-12-15 10:25:05,1,98.29,True,False,False,False,7.244,0.002,0.488,0.0,15.815,108.958,30.0,5.0
2022-12-15 10:25:05,1,98.34,True,False,False,False,7.301,0.002,0.514,0.0,15.815,108.958,30.0,5.0
2022-12-15 10:25:05,1,98.39,True,False,False,False,7.448,0.002,0.559,0.0,15.815,108.958,30.0,5.0
2022-12-15 10:25:05,1,98.44,True,False,False,False,7.548,0.002,0.57,0.0,15.815,108.958,30.0,5.0
2022-12-15 10:25:06,1,98.49,True,False,False,False,7.727,0.002,0.599,0.0,15.815,108.958,30.0,5.0
2022-12-15 10:25:06,1,98.54,True,False,False,False,7.864,0.002,0.6,0.0,15.815,108.958,30.0,5.0
2022-12-15 10:25:06,1,98.59,True,False,False,False,8.065,0.002,0.596,0.0,15.815,108.958,30.0,5.0
2022-12-15 10:25:06,1,98.64,True,False,False,False,8.227,0.002,0.577,0.0,15.815,108.958,30.0,5.0
2022-12-15 10:25:06,1,98.69,True,False,False,False,8.428,0.002,0.557,0.0,15.815,108.958,30.0,5.0
2022-12-15 10:25:06,1,98.74,True,False,False,False,8.591,0.002,0.539,0.0,15.815,108.958,30.0,5.0
2022-12-15 10:25:06,1,98.79,True,False,False,False,8.77,0.002,0.515,0.0,15.815,108.958,30.0,5.0
2022-12-15 10:25:06,1,98.84,True,False,False,False,8.916,0.002,0.494,0.0,15.815,108.958,30.0,5.0
2022-12-15 10:25:06,1,98.89,True,False,False,False,9.06,0.002,0.474,0.0,15.815,108.958,30.0,5.0
2022-12-15 10:25:06,1,98.94,True,False,False,False,9.183,0.002,0.458,0.0,15.815,108.958,30.0,5.0
2022-12-15 10:25:06,1,98.99,True,False,False,False,9.302,0.002,0.462,0.0,15.815,108.958,30.0,5.0
2022-12-15 10:25:06,1,99.04,True,False,False,False,9.404,0.002,0.452,0.0,15.815,108.958,30.0,5.0
2022-12-15 10:25:06,1,99.09,True,False,False,False,9.507,0.002,0.453,0.0,15.815,108.958,30.0,5.0
2022-12-15 10:25:06,1,99.14,True,False,False,False,9.597,0.002,0.469,0.0,15.815,108.958,30.0,5.0
2022-12-15 10:25:07,1,99.19,True,False,False,False,9.693,0.001,0.456,0.0,15.815,108.958,30.0,5.0
2022-12-15 10:25:07,1,99.24,True,False,False,False,9.782,0.001,0.478,0.0,15.815,108.958,30.0,5.0
2022-12-15 10:25:07,1,99.29,True,False,False,False,9.877,0.001,0.471,0.0,15.815,108.958,30.0,5.0
2022-12-15 10:25:07,1,99.34,True,False,False,False,9.969,0.001,0.47,0.0,15.815,108.958,30.0,5.0
2022-12-15 10:25:07,1,99.39,True,False,False,False,10.064,0.001,0.483,0.0,15.815,108.958,30.0,5.0
2022-12-15 10:25:07,1,99.44,True,False,False,False,10.157,0.001,0.474,0.0,15.815,108.958,30.0,5.0
2022-12-15 10:25:07,1,99.49,True,False,False,False,10.253,0.001,0.464,0.0,15.815,108.958,30.0,5.0
2022-12-15 10:25:07,1,99.54,True,False,False,False,10.344,0.001,0.467,0.0,15.815,108.958,30.0,5.0
2022-12-15 10:25:07,1,99.59,True,False,False,False,10.433,0.001,0.461,0.0,15.815,108.958,30.0,5.0
2022-12-15 10:25:07,1,99.64,True,False,False,False,10.519,0.001,0.459,0.0,15.815,108.958,30.0,5.0
2022-12-15 10:25:07,1,99.69,True,False,False,False,10.603,0.001,0.455,0.0,15.815,108.958,30.0,5.0
2022-12-15 10:25:07,1,99.74,True,False,False,False,10.684,0.001,0.444,0.0,15.815,108.958,30.0,5.0
2022-12-15 10:25:07,1,99.79,True,False,False,False,10.761,0.001,0.443,0.0,15.815,108.958,30.0,5.0
2022-12-15 10:25:07,1,99.84,True,False,False,False,10.833,0.001,0.436,0.0,15.815,108.958,30.0,5.0
2022-12-15 10:25:08,1,99.89,True,False,False,False,10.902,0.001,0.43,0.0,15.815,108.958,30.0,5.0
2022-12-15 10:25:08,1,99.94,True,False,False,False,10.967,0.001,0.424,0.0,15.815,108.958,30.0,5.0
2022-12-15 10:25:08,1,99.99,True,False,False,False,11.027,0.001,0.421,0.0,15.815,108.958,30.0,5.0
2022-12-15 10:25:08,1,100.04,True,False,False,False,11.084,0.001,0.418,0.0,15.815,108.958,30.0,5.0
2022-12-15 10:25:08,1,100.09,True,False,False,False,11.138,0.001,0.415,0.0,15.815,108.958,30.0,5.0
2022-12-15 10:25:08,1,100.14,True,False,False,False,11.188,0.0,0.426,0.0,15.815,108.958,30.0,5.0
2022-12-15 10:25:08,1,100.19,True,False,False,False,11.238,0.0,0.419,0.0,15.815,108.958,30.0,5.0
2022-12-15 10:25:08,1,100.24,True,False,False,False,11.163,0.0,0.422,0.0,15.815,108.958,30.0,5.0
2022-12-15 10:25:08,1,100.29,True,False,False,False,11.213,0.0,0.444,0.0,15.815,108.958,30.0,5.0
2022-12-15 10:25:08,1,100.34,True,False,False,False,11.214,0.0,0.45,0.0,15.815,108.958,30.0,5.0
2022-12-15 10:25:08,1,100.39,True,False,False,False,11.157,0.0,0.472,0.0,15.815,108.958,30.0,5.0
2022-12-15 10:25:08,1,100.44,True,False,False,False,11.085,0.0,0.499,0.0,15.815,108.958,30.0,5.0
2022-12-15 10:25:08,1,100.49,True,False,False,False,11.156,0.0,0.539,0.0,15.815,108.958,30.0,5.0
2022-12-15 10:25:08,1,100.54,True,False,False,False,11.407,-0.0,0.555,0.0,15.815,108.958,30.0,5.0
2022-12-15 10:25:09,1,100.59,True,False,False,False,11.283,-0.0,0.506,0.0,15.815,108.958,30.0,5.0
2022-12-15 10:25:09,1,100.64,True,False,False,False,11.411,-0.0,0.507,0.0,15.815,108.958,30.0,5.0
2022-12-15 10:25:09,1,100.69,True,False,False,False,11.289,-0.0,0.498,0.0,15.815,108.958,30.0,5.0
2022-12-15 10:25:09,1,100.74,True,False,False,False,11.371,-0.0,0.52,0.0,15.815,108.958,30.0,5.0
2022-12-15 10:25:09,1,100.79,True,False,False,False,11.386,-0.0,0.517,0.0,15.815,108.958,30.0,5.0
2022-12-15 10:25:09,1,100.84,True,False,False,False,11.262,-0.0,0.518,0.0,15.815,108.958,30.0,5.0
2022-12-15 10:25:09,1,100.89,True,False,False,False,11.225,-0.0,0.562,0.0,15.815,108.958,30.0,5.0
2022-12-15 10:25:09,1,100.94,True,False,False,False,11.603,-0.001,0.599,0.0,15.815,108.958,30.0,5.0
2022-12-15 10:25:09,1,100.99,True,False,False,False,11.66,-0.001,0.529,0.0,15.815,108.958,30.0,5.0
2022-12-15 10:25:09,1,101.04,True,False,False,False,11.565,-0.001,0.48,0.0,15.815,108.958,30.0,5.0
2022-12-15 10:25:09,1,101.09,True,False,False,False,11.549,-0.001,0.492,0.0,15.815,108.958,30.0,5.0
2022-12-15 10:25:09,1,101.14,True,False,False,False,11.474,-0.001,0.504,0.0,15.815,108.958,30.0,5.0
2022-12-15 10:25:09,1,101.19,True,False,False,False,11.492,-0.001,0.523,0.0,15.815,108.958,30.0,5.0
2022-12-15 10:25:09,1,101.24,True,False,False,False,11.449,-0.001,0.545,0.0,15.815,108.958,30.0,5.0
2022-12-15 10:25:10,1,101.29,True,False,False,False,11.498,-0.001,0.55,0.0,15.815,108.958,30.0,5.0
2022-12-15 10:25:10,1,101.34,True,False,False,False,11.485,-0.001,0.551,0.0,15.815,108.958,30.0,5.0
2022-12-15 10:25:10,1,101.39,True,False,False,False,11.561,-0.001,0.574,0.0,15.815,108.958,30.0,5.0
2022-12-15 10:25:10,1,101.44,True,False,False,False,11.571,-0.001,0.547,0.0,15.815,108.958,30.0,5.0
2022-12-15 10:25:10,1,101.49,True,False,False,False,11.667,-0.001,0.558,0.0,15.815,108.958,30.0,5.0
2022-12-15 10:25:10,1,101.54,True,False,False,False,11.69,-0.001,0.534,0.0,15.815,108.958,30.0,5.0
2022-12-15 10:25:10,1,101.59,True,False,False,False,11.792,-0.001,0.523,0.0,15.815,108.958,30.0,5.0
2022-12-15 10:25:10,1,101.64,True,False,False,False,11.816,-0.001,0.495,0.0,15.815,108.958,30.0,5.0
2022-12-15 10:25:10,1,101.69,True,False,False,False,11.91,-0.001,0.478,0.0,15.815,108.958,30.0,5.0
2022-12-15 10:25:10,1,101.74,True,False,False,False,11.921,-0.001,0.458,0.0,15.815,108.958,30.0,5.0
2022-12-15 10:25:10,1,101.79,True,False,False,False,11.997,-0.001,0.445,0.0,15.815,108.958,30.0,5.0
2022-12-15 10:25:10,1,101.84,True,False,False,False,11.987,-0.001,0.424,0.0,15.815,108.958,30.0,5.0
2022-12-15 10:25:10,1,101.89,True,True,False,False,12.041,-0.001,0.425,0.0,15.815,108.958,30.0,5.0
2022-12-15 10:25:10,1,101.94,True,True,False,False,12.01,-0.001,0.412,0.0,15.815,108.958,30.0,5.0
2022-12-15 10:25:11,1,101.99,True,True,False,False,12.046,-0.0,0.416,0.0,15.815,108.958,30.0,5.0
2022-12-15 10:25:11,1,102.04,True,True,False,False,11.999,-0.001,0.425,0.0,15.815,108.958,30.0,5.0
2022-12-15 10:25:11,1,102.09,True,True,False,False,12.023,-0.0,0.435,0.0,15.815,108.958,30.0,5.0
2022-12-15 10:25:11,1,102.14,True,True,False,False,11.969,0.0,0.437,0.0,15.815,108.958,30.0,5.0
2022-12-15 10:25:11,1,102.19,True,True,False,False,11.992,0.001,0.458,0.0,15.815,108.958,30.0,5.0
2022-12-15 10:25:11,1,102.24,True,True,False,False,11.941,0.001,0.472,0.0,15.815,108.958,30.0,5.0
2022-12-15 10:25:11,1,102.29,True,True,False,False,11.97,0.001,0.483,0.0,15.815,108.958,30.0,5.0
2022-12-15 10:25:11,1,102.34,True,True,False,False,11.929,0.002,0.497,0.0,15.815,108.958,30.0,5.0
2022-12-15 10:25:11,1,102.39,True,True,False,False,11.97,0.002,0.511,0.0,15.815,108.958,30.0,5.0
2022-12-15 10:25:11,1,102.44,True,True,False,False,11.943,0.002,0.517,0.0,15.815,108.958,30.0,5.0
2022-12-15 10:25:11,1,102.49,True,True,False,False,12.0,0.002,0.526,0.0,15.815,108.958,30.0,5.0
2022-12-15 10:25:11,1,102.54,True,True,False,False,11.989,0.002,0.522,0.0,15.815,108.958,30.0,5.0
2022-12-15 10:25:11,1,102.59,True,True,False,False,12.059,0.003,0.533,0.0,15.815,108.958,30.0,5.0
2022-12-15 10:25:12,1,102.64,True,True,False,False,12.059,0.003,0.525,0.0,15.815,108.958,30.0,5.0
2022-12-15 10:25:12,1,102.69,True,True,False,False,12.139,0.003,0.524,0.0,15.815,108.958,30.0,5.0
2022-12-15 10:25:12,1,102.74,True,True,False,False,12.145,0.003,0.515,0.0,15.815,108.958,30.0,5.0
2022-12-15 10:25:12,1,102.79,True,True,False,False,12.228,0.002,0.445,0.0,15.815,108.958,30.0,5.0
2022-12-15 10:25:12,1,102.84,True,True,False,False,12.229,0.003,0.401,0.0,15.815,108.958,30.0,5.0
2022-12-15 10:25:12,1,102.89,True,True,False,False,12.29,0.003,0.362,0.0,15.815,108.958,30.0,5.0
2022-12-15 10:25:12,1,102.94,True,True,False,False,12.256,0.003,0.315,0.0,15.815,108.958,30.0,5.0
2022-12-15 10:25:12,1,102.99,True,True,False,False,12.276,0.003,0.282,0.0,15.815,108.958,30.0,5.0
2022-12-15 10:25:12,1,103.04,True,True,False,False,12.197,0.004,0.246,0.0,15.815,108.958,30.0,5.0
2022-12-15 10:25:12,1,103.09,True,True,False,False,12.172,0.004,0.22,0.0,15.815,108.958,30.0,5.0
2022-12-15 10:25:12,1,103.14,True,True,False,False,12.048,0.004,0.19,0.0,15.815,108.958,30.0,5.0
2022-12-15 10:25:12,1,103.19,True,True,False,False,11.983,0.004,0.186,0.0,15.815,108.958,30.0,5.0
2022-12-15 10:25:12,1,103.24,True,True,False,False,11.82,0.004,0.192,0.0,15.815,108.958,30.0,5.0
2022-12-15 10:25:13,1,103.29,True,True,False,False,11.727,0.004,0.276,0.0,15.815,108.958,30.0,5.0
2022-12-15 10:25:13,1,103.34,True,True,False,False,11.546,0.005,0.326,0.0,15.815,108.958,30.0,5.0
2022-12-15 10:25:13,1,103.39,True,True,False,False,11.455,0.005,0.39,0.0,15.815,108.958,30.0,5.0
2022-12-15 10:25:13,1,103.44,True,True,False,False,11.295,0.005,0.442,0.0,15.815,108.958,30.0,5.0
2022-12-15 10:25:13,1,103.49,True,True,False,False,11.237,0.005,0.503,0.0,15.815,108.958,30.0,5.0
2022-12-15 10:25:13,1,103.54,True,True,False,False,11.542,0.005,0.547,0.0,15.815,108.958,30.0,5.0
2022-12-15 10:25:13,1,103.59,True,True,False,False,11.477,0.005,0.507,0.0,15.815,108.958,30.0,5.0
2022-12-15 10:25:13,1,103.64,True,True,False,False,11.35,0.005,0.496,0.0,15.815,108.958,30.0,5.0
2022-12-15 10:25:13,1,103.69,True,True,False,False,11.333,0.005,0.517,0.0,15.815,108.958,30.0,5.0
2022-12-15 10:25:13,1,103.74,True,True,False,False,11.259,0.005,0.533,0.0,15.815,108.958,30.0,5.0
2022-12-15 10:25:13,1,103.79,True,True,False,False,11.284,0.006,0.561,0.0,15.815,108.958,30.0,5.0
2022-12-15 10:25:13,1,103.84,True,True,False,False,11.252,0.006,0.577,0.0,15.815,108.958,30.0,5.0
2022-12-15 10:25:13,1,103.89,True,True,False,False,11.317,0.006,0.594,0.0,15.815,108.958,30.0,5.0
2022-12-15 10:25:14,1,103.94,True,True,False,False,11.323,0.006,0.596,0.0,15.815,108.958,30.0,5.0
2022-12-15 10:25:14,1,103.99,True,True,False,False,11.422,0.006,0.597,0.0,15.815,108.958,30.0,5.0
2022-12-15 10:25:14,1,104.04,True,True,False,False,11.457,0.006,0.584,0.0,15.815,108.958,30.0,5.0
2022-12-15 10:25:14,1,104.09,True,True,False,False,11.577,0.002,0.569,0.0,15.815,108.958,30.0,5.0
2022-12-15 10:25:14,1,104.14,True,True,False,False,11.624,0.005,0.549,0.0,15.815,108.958,30.0,5.0
2022-12-15 10:25:14,1,104.19,True,True,False,False,11.746,0.006,0.528,0.0,15.815,108.958,30.0,5.0
2022-12-15 10:25:14,1,104.24,True,True,False,False,11.788,0.006,0.503,0.0,15.815,108.958,30.0,5.0
2022-12-15 10:25:14,1,104.29,True,True,False,False,11.897,0.006,0.488,0.0,15.815,108.958,30.0,5.0
2022-12-15 10:25:14,1,104.34,True,True,False,False,11.928,0.006,0.458,0.0,15.815,108.958,30.0,5.0
2022-12-15 10:25:14,1,104.39,True,True,False,False,12.027,0.006,0.452,0.0,15.815,108.958,30.0,5.0
2022-12-15 10:25:14,1,104.44,True,True,False,False,12.076,0.006,0.435,0.0,15.815,108.958,30.0,5.0
2022-12-15 10:25:14,1,104.49,True,True,False,False,12.16,0.006,0.426,0.0,15.815,108.958,30.0,5.0
2022-12-15 10:25:14,1,104.54,True,True,False,False,12.133,0.005,0.414,0.0,15.815,108.958,30.0,5.0
2022-12-15 10:25:15,1,104.59,True,True,False,False,12.167,0.005,0.426,0.0,15.815,108.958,30.0,5.0
2022-12-15 10:25:15,1,104.64,True,True,False,False,12.128,0.005,0.433,0.0,15.815,108.958,30.0,5.0
2022-12-15 10:25:15,1,104.69,True,True,False,False,12.15,0.005,0.462,0.0,15.815,108.958,30.0,5.0
2022-12-15 10:25:15,1,104.74,True,True,False,False,12.1,0.005,0.477,0.0,15.815,108.958,30.0,5.0
2022-12-15 10:25:15,1,104.79,True,True,False,False,12.126,0.005,0.51,0.0,15.815,108.958,30.0,5.0
2022-12-15 10:25:15,1,104.84,True,True,False,False,12.088,0.005,0.529,0.0,15.815,108.958,30.0,5.0
2022-12-15 10:25:15,1,104.89,True,True,False,False,12.134,0.005,0.556,0.0,15.815,108.958,30.0,5.0
2022-12-15 10:25:15,1,104.94,True,True,False,False,12.13,0.005,0.565,0.0,15.815,108.958,30.0,5.0
2022-12-15 10:25:15,1,104.99,True,True,False,False,12.214,0.005,0.574,0.0,15.815,108.958,30.0,5.0
2022-12-15 10:25:15,1,105.04,True,True,False,False,12.27,0.005,0.575,0.0,15.815,108.958,30.0,5.0
2022-12-15 10:25:15,1,105.09,True,True,False,False,12.402,0.005,0.564,0.0,15.815,108.958,30.0,5.0
2022-12-15 10:25:15,1,105.14,True,True,False,False,12.435,0.005,0.54,0.0,15.815,108.958,30.0,5.0
2022-12-15 10:25:15,1,105.19,True,True,False,False,12.578,0.005,0.529,0.0,15.815,108.958,30.0,5.0
2022-12-15 10:25:15,1,105.24,True,True,False,False,12.637,0.005,0.502,0.0,15.815,108.958,30.0,5.0
2022-12-15 10:25:16,1,105.29,True,True,False,False,12.747,0.005,0.476,0.0,15.815,108.958,30.0,5.0
2022-12-15 10:25:16,1,105.34,True,True,False,False,12.775,0.005,0.458,0.0,15.815,108.958,30.0,5.0
2022-12-15 10:25:16,1,105.39,True,True,False,False,12.815,0.005,0.453,0.0,15.815,108.958,30.0,5.0
2022-12-15 10:25:16,1,105.44,True,True,False,False,12.782,0.002,0.449,0.0,15.815,108.958,30.0,5.0
2022-12-15 10:25:16,1,105.49,True,True,False,False,12.818,0.005,0.461,0.0,15.815,108.958,30.0,5.0
2022-12-15 10:25:16,1,105.54,True,True,False,False,12.778,0.005,0.465,0.0,15.815,108.958,30.0,5.0
2022-12-15 10:25:16,1,105.59,True,True,False,False,12.812,0.005,0.48,0.0,15.815,108.958,30.0,5.0
2022-12-15 10:25:16,1,105.64,True,True,False,False,12.775,0.005,0.492,0.0,15.815,108.958,30.0,5.0
2022-12-15 10:25:16,1,105.69,True,True,False,False,12.816,0.005,0.511,0.0,15.815,108.958,30.0,5.0
2022-12-15 10:25:16,1,105.74,True,True,False,False,12.788,0.004,0.516,0.0,15.815,108.958,30.0,5.0
2022-12-15 10:25:16,1,105.79,True,True,False,False,12.842,0.004,0.539,0.0,15.815,108.958,30.0,5.0
2022-12-15 10:25:16,1,105.84,True,True,False,False,12.83,0.004,0.539,0.0,15.815,108.958,30.0,5.0
2022-12-15 10:25:16,1,105.89,True,True,False,False,12.9,0.004,0.554,0.0,15.815,108.958,30.0,5.0
2022-12-15 10:25:17,1,105.94,True,True,False,False,12.904,0.004,0.543,0.0,15.815,108.958,30.0,5.0
2022-12-15 10:25:17,1,105.99,True,True,False,False,12.988,0.004,0.546,0.0,15.815,108.958,30.0,5.0
2022-12-15 10:25:17,1,106.04,True,True,False,False,13.003,0.004,0.534,0.0,15.815,108.958,30.0,5.0
2022-12-15 10:25:17,1,106.09,True,True,False,False,13.093,0.004,0.53,0.0,15.815,108.958,30.0,5.0
2022-12-15 10:25:17,1,106.14,True,True,False,False,13.109,0.004,0.513,0.0,15.815,108.958,30.0,5.0
2022-12-15 10:25:17,1,106.19,True,True,False,False,13.196,0.004,0.507,0.0,15.815,108.958,30.0,5.0
2022-12-15 10:25:17,1,106.24,True,True,False,False,13.207,0.004,0.489,0.0,15.815,108.958,30.0,5.0
2022-12-15 10:25:17,1,106.29,True,True,False,False,13.285,0.004,0.484,0.0,15.815,108.958,30.0,5.0
2022-12-15 10:25:17,1,106.34,True,True,False,False,13.284,0.004,0.471,0.0,15.815,108.958,30.0,5.0
2022-12-15 10:25:17,1,106.39,True,True,False,False,13.349,0.004,0.465,0.0,15.815,108.958,30.0,5.0
2022-12-15 10:25:17,1,106.44,True,True,False,False,13.335,0.004,0.461,0.0,15.815,108.958,30.0,5.0
2022-12-15 10:25:17,1,106.49,True,True,False,False,13.387,0.004,0.464,0.0,15.815,108.958,30.0,5.0
2022-12-15 10:25:17,1,106.54,True,True,False,False,13.363,0.004,0.459,0.0,15.815,108.958,30.0,5.0
2022-12-15 10:25:18,1,106.59,True,True,False,False,13.407,0.004,0.468,0.0,15.815,108.958,30.0,5.0
2022-12-15 10:25:18,1,106.64,True,True,False,False,13.376,0.003,0.468,0.0,15.815,108.958,30.0,5.0
2022-12-15 10:25:18,1,106.69,True,True,False,False,13.417,0.003,0.478,0.0,15.815,108.958,30.0,5.0
2022-12-15 10:25:18,1,106.74,True,True,False,False,13.385,0.003,0.481,0.0,15.815,108.958,30.0,5.0
2022-12-15 10:25:18,1,106.79,True,True,False,False,13.428,0.002,0.493,0.0,15.815,108.958,30.0,5.0
2022-12-15 10:25:18,1,106.84,True,True,False,False,13.4,0.003,0.496,0.0,15.815,108.958,30.0,5.0
2022-12-15 10:25:18,1,106.89,True,True,False,False,13.448,0.003,0.506,0.0,15.815,108.958,30.0,5.0
2022-12-15 10:25:18,1,106.94,True,True,False,False,13.427,0.003,0.507,0.0,15.815,108.958,30.0,5.0
2022-12-15 10:25:18,1,106.99,True,True,False,False,13.482,0.003,0.513,0.0,15.815,108.958,30.0,5.0
2022-12-15 10:25:18,1,107.04,True,True,False,False,13.469,0.003,0.511,0.0,15.815,108.958,30.0,5.0
2022-12-15 10:25:18,1,107.09,True,True,False,False,13.531,0.003,0.512,0.0,15.815,108.958,30.0,5.0
2022-12-15 10:25:18,1,107.14,True,True,False,False,13.523,0.003,0.503,0.0,15.815,108.958,30.0,5.0
2022-12-15 10:25:18,1,107.19,True,True,False,False,13.588,0.003,0.506,0.0,15.815,108.958,30.0,5.0
2022-12-15 10:25:18,1,107.24,True,True,False,False,13.58,0.003,0.499,0.0,15.815,108.958,30.0,5.0
2022-12-15 10:25:19,1,107.29,True,True,False,False,13.645,0.003,0.502,0.0,15.815,108.958,30.0,5.0
2022-12-15 10:25:19,1,107.34,True,True,False,False,13.637,0.003,0.498,0.0,15.815,108.958,30.0,5.0
2022-12-15 10:25:19,1,107.39,True,True,False,False,13.7,0.003,0.496,0.0,15.815,108.958,30.0,5.0
2022-12-15 10:25:19,1,107.44,True,True,False,False,13.689,0.003,0.489,0.0,15.815,108.958,30.0,5.0
2022-12-15 10:25:19,1,107.49,True,True,False,False,13.75,0.003,0.492,0.0,15.815,108.958,30.0,5.0
2022-12-15 10:25:19,1,107.54,True,True,False,False,13.736,0.003,0.485,0.0,15.815,108.958,30.0,5.0
2022-12-15 10:25:19,1,107.59,True,True,False,False,13.793,0.003,0.488,0.0,15.815,108.958,30.0,5.0
2022-12-15 10:25:19,1,107.64,True,True,False,False,13.776,0.003,0.484,0.0,15.815,108.958,30.0,5.0
2022-12-15 10:25:19,1,107.69,True,True,False,False,13.83,0.003,0.486,0.0,15.815,108.958,30.0,5.0
2022-12-15 10:25:19,1,107.74,True,True,False,False,13.81,0.003,0.484,0.0,15.815,108.958,30.0,5.0
2022-12-15 10:25:19,1,107.79,True,True,False,False,13.862,0.002,0.489,0.0,15.815,108.958,30.0,5.0
2022-12-15 10:25:19,1,107.84,True,True,False,False,13.841,0.002,0.491,0.0,15.815,108.958,30.0,5.0
2022-12-15 10:25:19,1,107.89,True,True,False,False,13.892,0.002,0.501,0.0,15.815,108.958,30.0,5.0
2022-12-15 10:25:19,1,107.94,True,True,False,False,13.873,0.002,0.5,0.0,15.815,108.958,30.0,5.0
2022-12-15 10:25:20,1,107.99,True,True,False,False,13.927,0.002,0.508,0.0,15.815,108.958,30.0,5.0
2022-12-15 10:25:20,1,108.04,True,True,False,False,13.912,0.002,0.508,0.0,15.815,108.958,30.0,5.0
2022-12-15 10:25:20,1,108.09,True,True,False,False,13.97,0.002,0.515,0.0,15.815,108.958,30.0,5.0
2022-12-15 10:25:20,1,108.14,True,True,False,False,13.96,0.002,0.51,0.0,15.815,108.958,30.0,5.0
2022-12-15 10:25:20,1,108.19,True,True,False,False,14.022,0.002,0.518,0.0,15.815,108.958,30.0,5.0
2022-12-15 10:25:20,1,108.24,True,True,False,False,14.016,0.002,0.511,0.0,15.815,108.958,30.0,5.0
2022-12-15 10:25:20,1,108.29,True,True,False,False,14.082,0.002,0.515,0.0,15.815,108.958,30.0,5.0
2022-12-15 10:25:20,1,108.34,True,True,False,False,14.077,0.002,0.509,0.0,15.815,108.958,30.0,5.0
2022-12-15 10:25:20,1,108.39,True,True,False,False,14.144,0.002,0.51,0.0,15.815,108.958,30.0,5.0
2022-12-15 10:25:20,1,108.44,True,True,False,False,14.139,0.002,0.506,0.0,15.815,108.958,30.0,5.0
2022-12-15 10:25:20,1,108.49,True,True,False,False,14.205,0.002,0.508,0.0,15.815,108.958,30.0,5.0
2022-12-15 10:25:20,1,108.54,True,True,False,False,14.2,0.002,0.502,0.0,15.815,108.958,30.0,5.0
2022-12-15 10:25:20,1,108.59,True,True,False,False,14.264,0.002,0.505,0.0,15.815,108.958,30.0,5.0
2022-12-15 10:25:21,1,108.64,True,True,False,False,14.256,0.002,0.498,0.0,15.815,108.958,30.0,5.0
2022-12-15 10:25:21,1,108.69,True,True,False,False,14.318,0.002,0.503,0.0,15.815,108.958,30.0,5.0
2022-12-15 10:25:21,1,108.74,True,True,False,False,14.309,0.002,0.5,0.0,15.815,108.958,30.0,5.0
2022-12-15 10:25:21,1,108.79,True,True,False,False,14.369,0.002,0.503,0.0,15.815,108.958,30.0,5.0
2022-12-15 10:25:21,1,108.84,True,True,False,False,14.357,0.002,0.503,0.0,15.815,108.958,30.0,5.0
2022-12-15 10:25:21,1,108.89,True,True,False,False,14.417,0.002,0.507,0.0,15.815,108.958,30.0,5.0
2022-12-15 10:25:21,1,108.94,True,True,False,False,14.406,0.001,0.505,0.0,15.815,108.958,30.0,5.0
2022-12-15 10:25:21,1,108.99,True,True,False,False,14.466,0.001,0.512,0.0,15.815,108.958,30.0,5.0
2022-12-15 10:25:21,1,109.04,True,True,False,False,14.456,0.001,0.508,0.0,15.815,108.958,30.0,5.0
2022-12-15 10:25:21,1,109.09,True,True,False,False,14.517,0.001,0.519,0.0,15.815,108.958,30.0,5.0
2022-12-15 10:25:21,1,109.14,True,True,False,False,14.509,0.001,0.512,0.0,15.815,108.958,30.0,5.0
2022-12-15 10:25:21,1,109.19,True,True,False,False,14.573,0.001,0.519,0.0,15.815,108.958,30.0,5.0
2022-12-15 10:25:21,1,109.24,True,True,False,False,14.567,0.001,0.512,0.0,15.815,108.958,30.0,5.0
2022-12-15 10:25:22,1,109.29,True,True,False,False,14.632,0.001,0.516,0.0,15.815,108.958,30.0,5.0
2022-12-15 10:25:22,1,109.34,True,True,False,False,14.628,0.001,0.513,0.0,15.815,108.958,30.0,5.0
2022-12-15 10:25:22,1,109.39,True,True,False,False,14.694,0.001,0.515,0.0,15.815,108.958,30.0,5.0
2022-12-15 10:25:22,1,109.44,True,True,False,False,14.689,0.001,0.511,0.0,15.815,108.958,30.0,5.0
2022-12-15 10:25:22,1,109.49,True,True,False,False,14.755,0.001,0.514,0.0,15.815,108.958,30.0,5.0
2022-12-15 10:25:22,1,109.54,True,True,False,False,14.75,0.001,0.511,0.0,15.815,108.958,30.0,5.0
2022-12-15 10:25:22,1,109.59,True,True,False,False,14.815,0.001,0.512,0.0,15.815,108.958,30.0,5.0
2022-12-15 10:25:22,1,109.64,True,True,False,False,14.81,0.001,0.504,0.0,15.815,108.958,30.0,5.0
2022-12-15 10:25:22,1,109.69,True,True,False,False,14.873,0.001,0.512,0.0,15.815,108.958,30.0,5.0
2022-12-15 10:25:22,1,109.74,True,True,False,False,14.866,0.001,0.508,0.0,15.815,108.958,30.0,5.0
2022-12-15 10:25:22,1,109.79,True,True,False,False,14.928,0.001,0.515,0.0,15.815,108.958,30.0,5.0
2022-12-15 10:25:22,1,109.84,True,True,False,False,14.921,0.001,0.512,0.0,15.815,108.958,30.0,5.0
2022-12-15 10:25:22,1,109.89,True,True,False,False,14.983,0.001,0.517,0.0,15.815,108.958,30.0,5.0
2022-12-15 10:25:22,1,109.94,True,True,False,False,14.977,0.001,0.514,0.0,15.815,108.958,30.0,5.0
2022-12-15 10:25:23,1,109.99,True,True,False,False,15.04,0.001,0.52,0.0,15.815,108.958,30.0,5.0
2022-12-15 10:25:23,1,110.04,True,True,False,False,15.034,0.001,0.515,0.0,15.815,108.958,30.0,5.0
2022-12-15 10:25:23,1,110.09,True,True,False,False,15.099,0.001,0.52,0.0,15.815,108.958,30.0,5.0
2022-12-15 10:25:23,1,110.14,True,True,False,False,15.094,0.001,0.514,0.0,15.815,108.958,30.0,5.0
2022-12-15 10:25:23,1,110.19,True,True,False,False,15.159,0.001,0.515,0.0,15.815,108.958,30.0,5.0
2022-12-15 10:25:23,1,110.24,True,True,False,False,15.155,0.001,0.51,0.0,15.815,108.958,30.0,5.0
2022-12-15 10:25:23,1,110.29,True,True,False,False,15.219,0.001,0.514,0.0,15.815,108.958,30.0,5.0
2022-12-15 10:25:23,1,110.34,True,True,False,False,15.213,0.001,0.511,0.0,15.815,108.958,30.0,5.0
2022-12-15 10:25:23,1,110.39,True,True,False,False,15.275,0.001,0.517,0.0,15.815,108.958,30.0,5.0
2022-12-15 10:25:23,1,110.44,True,True,False,False,15.269,0.001,0.511,0.0,15.815,108.958,30.0,5.0
2022-12-15 10:25:23,1,110.49,True,True,False,False,15.331,0.001,0.517,0.0,15.815,108.958,30.0,5.0
2022-12-15 10:25:23,1,110.54,True,True,False,False,15.325,0.001,0.509,0.0,15.815,108.958,30.0,5.0
2022-12-15 10:25:23,1,110.59,True,True,False,False,15.387,0.001,0.515,0.0,15.815,108.958,30.0,5.0
2022-12-15 10:25:24,1,110.64,True,True,False,False,15.379,0.001,0.511,0.0,15.815,108.958,30.0,5.0
2022-12-15 10:25:24,1,110.69,True,True,False,False,15.44,0.0,0.512,0.0,15.815,108.958,30.0,5.0
2022-12-15 10:25:24,1,110.74,True,True,False,False,15.432,0.001,0.508,0.0,15.815,108.958,30.0,5.0
2022-12-15 10:25:24,1,110.79,True,True,False,False,15.492,0.0,0.517,0.0,15.815,108.958,30.0,5.0
2022-12-15 10:25:24,1,110.84,True,True,False,False,15.483,0.0,0.513,0.0,15.815,108.958,30.0,5.0
2022-12-15 10:25:24,1,110.89,True,True,False,False,15.543,0.0,0.52,0.0,15.815,108.958,30.0,5.0
2022-12-15 10:25:24,1,110.94,True,True,False,False,15.536,0.0,0.515,0.0,15.815,108.958,30.0,5.0
2022-12-15 10:25:24,1,110.99,True,True,False,False,15.597,0.0,0.52,0.0,15.815,108.958,30.0,5.0
2022-12-15 10:25:24,1,111.04,True,True,False,False,15.591,0.0,0.516,0.0,15.815,108.958,30.0,5.0
2022-12-15 10:25:24,1,111.09,True,True,False,False,15.652,0.0,0.521,0.0,15.815,108.958,30.0,5.0
2022-12-15 10:25:24,1,111.14,True,True,False,False,15.647,0.0,0.518,0.0,15.815,108.958,30.0,5.0
2022-12-15 10:25:24,1,111.19,True,True,False,False,15.709,0.0,0.518,0.0,15.815,108.958,30.0,5.0
2022-12-15 10:25:24,1,111.24,True,True,False,False,15.704,0.0,0.513,0.0,15.815,108.958,30.0,5.0
2022-12-15 10:25:25,1,111.29,True,True,False,False,15.766,0.0,0.518,0.0,15.815,108.958,30.0,5.0
2022-12-15 10:25:25,1,111.34,True,True,False,False,15.76,0.0,0.512,0.0,15.815,108.958,30.0,5.0
2022-12-15 10:25:25,1,111.39,True,True,False,False,15.821,0.0,0.516,0.0,15.815,108.958,30.0,5.0
2022-12-15 10:25:25,1,111.44,True,True,False,False,15.813,0.0,0.512,0.0,15.815,108.958,30.0,5.0
2022-12-15 10:25:25,1,111.49,True,True,False,False,15.873,0.0,0.515,0.0,15.815,108.958,30.0,5.0
2022-12-15 10:25:25,1,111.54,True,True,False,False,15.865,0.0,0.509,0.0,15.815,108.958,30.0,5.0
2022-12-15 10:25:25,1,111.59,True,True,False,False,15.924,0.0,0.513,0.0,15.815,108.958,30.0,5.0
2022-12-15 10:25:25,1,111.64,True,True,False,False,15.915,0.0,0.511,0.0,15.815,108.958,30.0,5.0
2022-12-15 10:25:25,1,111.69,True,True,False,False,15.972,0.0,0.521,0.0,15.815,108.958,30.0,5.0
2022-12-15 10:25:25,1,111.74,True,True,False,False,15.962,0.0,0.518,0.0,15.815,108.958,30.0,5.0
2022-12-15 10:25:25,1,111.79,True,True,False,False,16.021,0.0,0.52,0.0,15.815,108.958,30.0,5.0
2022-12-15 10:25:25,1,111.84,True,True,False,False,16.013,0.0,0.519,0.0,15.815,108.958,30.0,5.0
2022-12-15 10:25:25,1,111.89,True,True,False,False,16.073,-0.0,0.523,0.0,15.815,108.958,30.0,5.0
2022-12-15 10:25:25,1,111.94,True,True,False,False,16.066,0.0,0.515,0.0,15.815,108.958,30.0,5.0
2022-12-15 10:25:26,1,111.99,True,True,False,False,16.127,-0.0,0.52,0.0,15.815,108.958,30.0,5.0
2022-12-15 10:25:26,1,112.04,True,True,False,False,16.12,-0.0,0.517,0.0,15.815,108.958,30.0,5.0
2022-12-15 10:25:26,1,112.09,True,True,False,False,16.18,-0.0,0.515,0.0,15.815,108.958,30.0,5.0
2022-12-15 10:25:26,1,112.14,True,True,False,False,16.173,-0.0,0.509,0.0,15.815,108.958,30.0,5.0
2022-12-15 10:25:26,1,112.19,True,True,False,False,16.232,-0.0,0.516,0.0,15.815,108.958,30.0,5.0
2022-12-15 10:25:26,1,112.24,True,True,False,False,16.222,-0.0,0.509,0.0,15.815,108.958,30.0,5.0
2022-12-15 10:25:26,1,112.29,True,True,False,False,16.279,-0.0,0.515,0.0,15.815,108.958,30.0,5.0
2022-12-15 10:25:26,1,112.34,True,True,False,False,16.268,-0.0,0.511,0.0,15.815,108.958,30.0,5.0
2022-12-15 10:25:26,1,112.39,True,True,False,False,16.324,-0.0,0.515,0.0,15.815,108.958,30.0,5.0
2022-12-15 10:25:26,1,112.44,True,True,False,False,16.313,-0.0,0.511,0.0,15.815,108.958,30.0,5.0
2022-12-15 10:25:26,1,112.49,True,True,False,False,16.368,-0.0,0.514,0.0,15.815,108.958,30.0,5.0
2022-12-15 10:25:26,1,112.54,True,True,False,False,16.356,-0.0,0.511,0.0,15.815,108.958,30.0,5.0
2022-12-15 10:25:26,1,112.59,True,True,False,False,16.411,-0.0,0.516,0.0,15.815,108.958,30.0,5.0
2022-12-15 10:25:27,1,112.64,True,True,False,False,16.399,-0.0,0.514,0.0,15.815,108.958,30.0,5.0
2022-12-15 10:25:27,1,112.69,True,True,False,False,16.454,-0.0,0.516,0.0,15.815,108.958,30.0,5.0
2022-12-15 10:25:27,1,112.74,True,True,False,False,16.443,-0.0,0.513,0.0,15.815,108.958,30.0,5.0
2022-12-15 10:25:27,1,112.79,True,True,False,False,16.498,-0.0,0.516,0.0,15.815,108.958,30.0,5.0
2022-12-15 10:25:27,1,112.84,True,True,False,False,16.487,-0.0,0.513,0.0,15.815,108.958,30.0,5.0
2022-12-15 10:25:27,1,112.89,True,True,False,False,16.541,-0.0,0.515,0.0,15.815,108.958,30.0,5.0
2022-12-15 10:25:27,1,112.94,True,True,False,False,16.53,-0.0,0.51,0.0,15.815,108.958,30.0,5.0
2022-12-15 10:25:27,1,112.99,True,True,False,False,16.584,-0.0,0.51,0.0,15.815,108.958,30.0,5.0
2022-12-15 10:25:27,1,113.04,True,True,False,False,16.571,-0.0,0.506,0.0,15.815,108.958,30.0,5.0
2022-12-15 10:25:27,1,113.09,True,True,False,False,16.623,-0.0,0.51,0.0,15.815,108.958,30.0,5.0
2022-12-15 10:25:27,1,113.14,True,True,False,False,16.609,-0.0,0.507,0.0,15.815,108.958,30.0,5.0
2022-12-15 10:25:27,1,113.19,True,True,False,False,16.659,-0.0,0.513,0.0,15.815,108.958,30.0,5.0
2022-12-15 10:25:27,1,113.24,True,True,False,False,16.644,-0.0,0.509,0.0,15.815,108.958,30.0,5.0
2022-12-15 10:25:27,1,113.29,True,True,False,False,16.694,-0.0,0.513,0.0,15.815,108.958,30.0,5.0
2022-12-15 10:25:28,1,113.34,True,True,False,False,16.679,-0.0,0.508,0.0,15.815,108.958,30.0,5.0
2022-12-15 10:25:28,1,113.39,True,True,False,False,16.729,-0.0,0.513,0.0,15.815,108.958,30.0,5.0
2022-12-15 10:25:28,1,113.44,True,True,False,False,16.714,-0.0,0.511,0.0,15.815,108.958,30.0,5.0
2022-12-15 10:25:28,1,113.49,True,True,False,False,16.764,-0.0,0.512,0.0,15.815,108.958,30.0,5.0
2022-12-15 10:25:28,1,113.54,True,True,False,False,16.749,-0.0,0.512,0.0,15.815,108.958,30.0,5.0
2022-12-15 10:25:28,1,113.59,True,True,False,False,16.8,-0.0,0.514,0.0,15.815,108.958,30.0,5.0
2022-12-15 10:25:28,1,113.64,True,True,False,False,16.785,-0.0,0.509,0.0,15.815,108.958,30.0,5.0
2022-12-15 10:25:28,1,113.69,True,True,False,False,16.836,-0.0,0.514,0.0,15.815,108.958,30.0,5.0
2022-12-15 10:25:28,1,113.74,True,True,False,False,16.821,-0.0,0.508,0.0,15.815,108.958,30.0,5.0
2022-12-15 10:25:28,1,113.79,True,True,False,False,16.871,-0.0,0.512,0.0,15.815,108.958,30.0,5.0
2022-12-15 10:25:28,1,113.84,True,True,False,False,16.856,-0.0,0.507,0.0,15.815,108.958,30.0,5.0
2022-12-15 10:25:28,1,113.89,True,True,False,False,16.905,-0.0,0.51,0.0,15.815,108.958,30.0,5.0
2022-12-15 10:25:28,1,113.94,True,True,False,False,16.889,-0.0,0.503,0.0,15.815,108.958,30.0,5.0
2022-12-15 10:25:29,1,113.99,True,True,False,False,16.937,-0.0,0.509,0.0,15.815,108.958,30.0,5.0
2022-12-15 10:25:29,1,114.04,True,True,False,False,16.919,-0.0,0.504,0.0,15.815,108.958,30.0,5.0
2022-12-15 10:25:29,1,114.09,True,True,False,False,16.966,-0.001,0.508,0.0,15.815,108.958,30.0,5.0
2022-12-15 10:25:29,1,114.14,True,True,False,False,16.947,-0.001,0.504,0.0,15.815,108.958,30.0,5.0
2022-12-15 10:25:29,1,114.19,True,True,False,False,16.993,-0.001,0.51,0.0,15.815,108.958,30.0,5.0
2022-12-15 10:25:29,1,114.24,True,True,False,False,16.973,-0.001,0.506,0.0,15.815,108.958,30.0,5.0
2022-12-15 10:25:29,1,114.29,True,True,False,False,17.019,-0.001,0.511,0.0,15.815,108.958,30.0,5.0
2022-12-15 10:25:29,1,114.34,True,True,False,False,17.0,-0.0,0.507,0.0,15.815,108.958,30.0,5.0
2022-12-15 10:25:29,1,114.39,True,True,False,False,17.046,-0.001,0.509,0.0,15.815,108.958,30.0,5.0
2022-12-15 10:25:29,1,114.44,True,True,False,False,17.027,-0.001,0.506,0.0,15.815,108.958,30.0,5.0
2022-12-15 10:25:29,1,114.49,True,True,False,False,17.073,-0.001,0.511,0.0,15.815,108.958,30.0,5.0
2022-12-15 10:25:29,1,114.54,True,True,False,False,17.054,-0.001,0.506,0.0,15.815,108.958,30.0,5.0
2022-12-15 10:25:29,1,114.59,True,True,False,False,17.1,-0.001,0.511,0.0,15.815,108.958,30.0,5.0
2022-12-15 10:25:29,1,114.64,True,True,False,False,17.081,-0.001,0.506,0.0,15.815,108.958,30.0,5.0
2022-12-15 10:25:30,1,114.69,True,True,False,False,17.127,-0.001,0.509,0.0,15.815,108.958,30.0,5.0
2022-12-15 10:25:30,1,114.74,True,True,False,False,17.108,-0.001,0.506,0.0,15.815,108.958,30.0,5.0
2022-12-15 10:25:30,1,114.79,True,True,False,False,17.154,-0.001,0.507,0.0,15.815,108.958,30.0,5.0
2022-12-15 10:25:30,1,114.84,True,True,False,False,17.134,-0.001,0.503,0.0,15.815,108.958,30.0,5.0
2022-12-15 10:25:30,1,114.89,True,True,False,False,17.178,-0.001,0.506,0.0,15.815,108.958,30.0,5.0
2022-12-15 10:25:30,1,114.94,True,True,False,False,17.158,-0.001,0.502,0.0,15.815,108.958,30.0,5.0
2022-12-15 10:25:30,1,114.99,True,True,False,False,17.201,-0.001,0.507,0.0,15.815,108.958,30.0,5.0
2022-12-15 10:25:30,1,115.04,True,True,False,False,17.179,-0.001,0.504,0.0,15.815,108.958,30.0,5.0
2022-12-15 10:25:30,1,115.09,True,True,False,False,17.222,-0.001,0.508,0.0,15.815,108.958,30.0,5.0
2022-12-15 10:25:30,1,115.14,True,True,False,False,17.201,-0.001,0.505,0.0,15.815,108.958,30.0,5.0
2022-12-15 10:25:30,1,115.19,True,True,False,False,17.244,-0.001,0.509,0.0,15.815,108.958,30.0,5.0
2022-12-15 10:25:30,1,115.24,True,True,False,False,17.223,-0.001,0.504,0.0,15.815,108.958,30.0,5.0
2022-12-15 10:25:30,1,115.29,True,True,False,False,17.266,-0.001,0.505,0.0,15.815,108.958,30.0,5.0
2022-12-15 10:25:30,1,115.34,True,True,False,False,17.245,-0.001,0.503,0.0,15.815,108.958,30.0,5.0
2022-12-15 10:25:31,1,115.39,True,True,False,False,17.287,-0.001,0.508,0.0,15.815,108.958,30.0,5.0
2022-12-15 10:25:31,1,115.44,True,True,False,False,17.265,-0.001,0.504,0.0,15.815,108.958,30.0,5.0
2022-12-15 10:25:31,1,115.49,True,True,False,False,17.308,-0.001,0.507,0.0,15.815,108.958,30.0,5.0
2022-12-15 10:25:31,1,115.54,True,True,False,False,17.286,-0.001,0.505,0.0,15.815,108.958,30.0,5.0
2022-12-15 10:25:31,1,115.59,True,True,False,False,17.329,-0.001,0.508,0.0,15.815,108.958,30.0,5.0
2022-12-15 10:25:31,1,115.64,True,True,False,False,17.307,-0.001,0.504,0.0,15.815,108.958,30.0,5.0
2022-12-15 10:25:31,1,115.69,True,True,False,False,17.35,-0.001,0.51,0.0,15.815,108.958,30.0,5.0
2022-12-15 10:25:31,1,115.74,True,True,False,False,17.329,-0.001,0.507,0.0,15.815,108.958,30.0,5.0
2022-12-15 10:25:31,1,115.79,True,True,False,False,17.372,-0.001,0.512,0.0,15.815,108.958,30.0,5.0
2022-12-15 10:25:31,1,115.84,True,True,False,False,17.352,-0.001,0.508,0.0,15.815,108.958,30.0,5.0
2022-12-15 10:25:31,1,115.89,True,True,False,False,17.396,-0.001,0.511,0.0,15.815,108.958,30.0,5.0
2022-12-15 10:25:31,1,115.94,True,True,False,False,17.376,-0.001,0.507,0.0,15.815,108.958,30.0,5.0
2022-12-15 10:25:31,1,115.99,True,True,False,False,17.42,-0.001,0.51,0.0,15.815,108.958,30.0,5.0
2022-12-15 10:25:31,1,116.04,True,True,False,False,17.4,-0.001,0.506,0.0,15.815,108.958,30.0,5.0
2022-12-15 10:25:32,1,116.09,True,True,False,False,17.444,-0.001,0.51,0.0,15.815,108.958,30.0,5.0
2022-12-15 10:25:32,1,116.14,True,True,False,False,17.424,-0.001,0.506,0.0,15.815,108.958,30.0,5.0
2022-12-15 10:25:32,1,116.19,True,True,False,False,17.468,-0.001,0.51,0.0,15.815,108.958,30.0,5.0
2022-12-15 10:25:32,1,116.24,True,True,False,False,17.447,-0.001,0.505,0.0,15.815,108.958,30.0,5.0
2022-12-15 10:25:32,1,116.29,True,True,False,False,17.49,-0.001,0.508,0.0,15.815,108.958,30.0,5.0
2022-12-15 10:25:32,1,116.34,True,True,False,False,17.469,-0.001,0.505,0.0,15.815,108.958,30.0,5.0
2022-12-15 10:25:32,1,116.39,True,True,False,False,17.512,-0.001,0.511,0.0,15.815,108.958,30.0,5.0
2022-12-15 10:25:32,1,116.44,True,True,False,False,17.49,-0.001,0.507,0.0,15.815,108.958,30.0,5.0
2022-12-15 10:25:32,1,116.49,True,True,False,False,17.533,-0.001,0.509,0.0,15.815,108.958,30.0,5.0
2022-12-15 10:25:32,1,116.54,True,True,False,False,17.512,-0.001,0.506,0.0,15.815,108.958,30.0,5.0
2022-12-15 10:25:32,1,116.59,True,True,False,False,17.555,-0.001,0.513,0.0,15.815,108.958,30.0,5.0
2022-12-15 10:25:32,1,116.64,True,True,False,False,17.534,-0.001,0.509,0.0,15.815,108.958,30.0,5.0
2022-12-15 10:25:32,1,116.69,True,True,False,False,17.577,-0.001,0.509,0.0,15.815,108.958,30.0,5.0
2022-12-15 10:25:32,1,116.74,True,True,False,False,17.557,-0.001,0.507,0.0,15.815,108.958,30.0,5.0
2022-12-15 10:25:33,1,116.79,True,True,False,False,17.6,-0.001,0.51,0.0,15.815,108.958,30.0,5.0
2022-12-15 10:25:33,1,116.84,True,True,False,False,17.579,-0.001,0.507,0.0,15.815,108.958,30.0,5.0
2022-12-15 10:25:33,1,116.89,True,False,False,False,17.622,-0.001,0.512,0.0,15.815,108.958,30.0,5.0
2022-12-15 10:25:33,1,116.94,True,False,False,False,17.601,-0.001,0.509,0.0,15.815,108.958,30.0,5.0
2022-12-15 10:25:33,1,116.99,True,False,False,False,17.644,-0.003,0.514,0.0,15.815,108.958,30.0,5.0
2022-12-15 10:25:33,1,117.04,True,False,False,False,17.624,-0.006,0.529,0.0,15.815,108.958,30.0,5.0
2022-12-15 10:25:33,1,117.09,True,False,False,False,17.669,-0.008,0.551,0.0,15.815,108.958,30.0,5.0
2022-12-15 10:25:33,1,117.14,True,False,False,False,17.657,-0.01,0.562,0.0,15.815,108.958,30.0,5.0
2022-12-15 10:25:33,1,117.19,True,False,False,False,17.714,-0.01,0.58,0.0,15.815,108.958,30.0,5.0
2022-12-15 10:25:33,1,117.24,True,False,False,False,17.718,-0.011,0.59,0.0,15.815,108.958,30.0,5.0
2022-12-15 10:25:33,1,117.29,True,False,False,False,17.793,-0.012,0.607,0.0,15.815,108.958,30.0,5.0
2022-12-15 10:25:33,1,117.34,True,False,False,False,17.816,-0.013,0.613,0.0,15.815,108.958,30.0,5.0
2022-12-15 10:25:33,1,117.39,True,False,False,False,17.91,-0.013,0.625,0.0,15.815,108.958,30.0,5.0
2022-12-15 10:25:33,1,117.44,True,False,False,False,17.952,-0.013,0.628,0.0,15.815,108.958,30.0,5.0
2022-12-15 10:25:34,1,117.49,True,False,False,False,18.063,-0.014,0.633,0.0,15.815,108.958,30.0,5.0
2022-12-15 10:25:34,1,117.54,True,False,False,False,18.12,-0.014,0.635,0.0,15.815,108.958,30.0,5.0
2022-12-15 10:25:34,1,117.59,True,False,False,False,18.245,-0.014,0.64,0.0,15.815,108.958,30.0,5.0
2022-12-15 10:25:34,1,117.64,True,False,False,False,18.312,-0.014,0.635,0.0,15.815,108.958,30.0,5.0
2022-12-15 10:25:34,1,117.69,True,False,False,False,18.444,-0.002,0.641,0.0,15.815,108.958,30.0,5.0
2022-12-15 10:25:34,1,117.74,True,False,False,False,18.518,-0.005,0.632,0.0,15.815,108.958,30.0,5.0
2022-12-15 10:25:34,1,117.79,True,False,False,False,18.654,-0.007,0.635,0.0,15.815,108.958,30.0,5.0
2022-12-15 10:25:34,1,117.84,True,False,False,False,18.73,-0.01,0.632,0.0,15.815,108.958,30.0,5.0
2022-12-15 10:25:34,1,117.89,True,False,False,False,18.866,-0.012,0.636,0.0,15.815,108.958,30.0,5.0
2022-12-15 10:25:34,1,117.94,True,False,False,False,18.941,-0.012,0.623,0.0,15.815,108.958,30.0,5.0
2022-12-15 10:25:34,1,117.99,True,False,False,False,19.076,-0.011,0.634,0.0,15.815,108.958,30.0,5.0
2022-12-15 10:25:34,1,118.04,True,False,False,False,19.149,-0.011,0.631,0.0,15.815,108.958,30.0,5.0
2022-12-15 10:25:34,1,118.09,True,False,False,False,19.281,-0.01,0.637,0.0,15.815,108.958,30.0,5.0
2022-12-15 10:25:34,1,118.14,True,False,False,False,19.355,-0.009,0.634,0.0,15.815,108.958,30.0,5.0
2022-12-15 10:25:34,1,118.19,True,False,False,False,19.487,-0.008,0.642,0.0,15.815,108.958,30.0,5.0
2022-12-15 10:25:35,1,118.24,True,False,False,False,19.562,-0.007,0.64,0.0,15.815,108.958,30.0,5.0
2022-12-15 10:25:35,1,118.29,True,False,False,False,19.696,-0.007,0.642,0.0,15.815,108.958,30.0,5.0
2022-12-15 10:25:35,1,118.34,True,False,False,False,19.772,-0.006,0.635,0.0,15.815,108.958,30.0,5.0
2022-12-15 10:25:35,1,118.39,True,False,False,False,19.906,-0.005,0.651,0.0,15.815,108.958,30.0,5.0
2022-12-15 10:25:35,1,118.44,True,False,False,False,19.983,-0.004,0.651,0.0,15.815,108.958,30.0,5.0
2022-12-15 10:25:35,1,118.49,True,False,False,False,20.119,-0.003,0.654,0.0,15.815,108.958,30.0,5.0
2022-12-15 10:25:35,1,118.54,True,False,False,False,20.201,-0.002,0.652,0.0,15.815,108.958,30.0,5.0
2022-12-15 10:25:35,1,118.59,True,False,False,False,20.34,-0.001,0.662,0.0,15.815,108.958,30.0,5.0
2022-12-15 10:25:35,1,118.64,True,False,False,False,20.424,-0.001,0.654,0.0,15.815,108.958,30.0,5.0
2022-12-15 10:25:35,1,118.69,True,False,False,False,20.566,-0.001,0.658,0.0,15.815,108.958,30.0,5.0
2022-12-15 10:25:35,1,118.74,True,False,False,False,20.652,-0.0,0.655,0.0,15.815,108.958,30.0,5.0
2022-12-15 10:25:35,1,118.79,True,False,False,False,20.794,0.0,0.647,0.0,15.815,108.958,30.0,5.0
2022-12-15 10:25:35,1,118.84,True,False,False,False,20.88,0.001,0.65,0.0,15.815,108.958,30.0,5.0
2022-12-15 10:25:35,1,118.89,True,False,False,False,21.018,0.001,0.653,0.0,15.815,108.958,30.0,5.0
2022-12-15 10:25:36,1,118.94,True,False,False,False,21.101,0.001,0.638,0.0,15.815,108.958,30.0,5.0
2022-12-15 10:25:36,1,118.99,True,False,False,False,21.236,0.002,0.645,0.0,15.815,108.958,30.0,5.0
2022-12-15 10:25:36,1,119.04,True,False,False,False,21.315,0.002,0.638,0.0,15.815,108.958,30.0,5.0
2022-12-15 10:25:36,1,119.09,True,False,False,False,21.445,0.002,0.646,0.0,15.815,108.958,30.0,5.0
2022-12-15 10:25:36,1,119.14,True,False,False,False,21.52,0.002,0.636,0.0,15.815,108.958,30.0,5.0
2022-12-15 10:25:36,1,119.19,True,False,False,False,21.647,0.003,0.637,0.0,15.815,108.958,30.0,5.0
2022-12-15 10:25:36,1,119.24,True,False,False,False,21.719,0.003,0.637,0.0,15.815,108.958,30.0,5.0
2022-12-15 10:25:36,1,119.29,True,False,False,False,21.841,0.003,0.645,0.0,15.815,108.958,30.0,5.0
2022-12-15 10:25:36,1,119.34,True,False,False,False,21.91,0.004,0.633,0.0,15.815,108.958,30.0,5.0
2022-12-15 10:25:36,1,119.39,True,False,False,False,22.031,0.004,0.641,0.0,15.815,108.958,30.0,5.0
2022-12-15 10:25:36,1,119.44,True,False,False,False,22.098,0.004,0.639,0.0,15.815,108.958,30.0,5.0
2022-12-15 10:25:36,1,119.49,True,False,False,False,22.216,0.004,0.641,0.0,15.815,108.958,30.0,5.0
2022-12-15 10:25:36,1,119.54,True,False,False,False,22.284,0.004,0.634,0.0,15.815,108.958,30.0,5.0
2022-12-15 10:25:36,1,119.59,True,False,False,False,22.4,0.005,0.637,0.0,15.815,108.958,30.0,5.0
2022-12-15 10:25:36,1,119.64,True,False,False,False,22.465,0.006,0.64,0.0,15.815,108.958,30.0,5.0
2022-12-15 10:25:37,1,119.69,True,False,False,False,22.579,0.006,0.645,0.0,15.815,108.958,30.0,5.0
2022-12-15 10:25:37,1,119.74,True,False,False,False,22.644,0.007,0.631,0.0,15.815,108.958,30.0,5.0
2022-12-15 10:25:37,1,119.79,True,False,False,False,22.758,0.007,0.629,0.0,15.815,108.958,30.0,5.0
2022-12-15 10:25:37,1,119.84,True,False,False,False,22.82,0.008,0.621,0.0,15.815,108.958,30.0,5.0
2022-12-15 10:25:37,1,119.89,True,False,False,False,22.927,0.008,0.625,0.0,15.815,108.958,30.0,5.0
2022-12-15 10:25:37,1,119.94,True,False,False,False,22.982,0.008,0.619,0.0,15.815,108.958,30.0,5.0
2022-12-15 10:25:37,1,119.99,True,False,False,False,23.083,0.008,0.615,0.0,15.815,108.958,30.0,5.0
2022-12-15 10:25:37,1,120.04,True,False,False,False,23.134,0.008,0.61,0.0,15.815,108.958,30.0,5.0
2022-12-15 10:25:37,1,120.09,True,False,False,False,23.227,0.007,0.617,0.0,15.815,108.958,30.0,5.0
2022-12-15 10:25:37,1,120.14,True,False,False,False,23.272,0.007,0.614,0.0,15.815,108.958,30.0,5.0
2022-12-15 10:25:37,1,120.19,True,False,False,False,23.362,0.007,0.623,0.0,15.815,108.958,30.0,5.0
2022-12-15 10:25:37,1,120.24,True,False,False,False,23.405,0.006,0.614,0.0,15.815,108.958,30.0,5.0
2022-12-15 10:25:37,1,120.29,True,False,False,False,23.494,0.006,0.617,0.0,15.815,108.958,30.0,5.0
2022-12-15 10:25:37,1,120.34,True,False,False,False,23.536,0.005,0.616,0.0,15.815,108.958,30.0,5.0
2022-12-15 10:25:38,1,120.39,True,False,False,False,23.622,0.005,0.619,0.0,15.815,108.958,30.0,5.0
2022-12-15 10:25:38,1,120.44,True,False,False,False,23.663,0.004,0.615,0.0,15.815,108.958,30.0,5.0
2022-12-15 10:25:38,1,120.49,True,False,False,False,23.749,0.004,0.612,0.0,15.815,108.958,30.0,5.0
2022-12-15 10:25:38,1,120.54,True,False,False,False,23.789,0.003,0.603,0.0,15.815,108.958,30.0,5.0
2022-12-15 10:25:38,1,120.59,True,False,False,False,23.871,0.002,0.607,0.0,15.815,108.958,30.0,5.0
2022-12-15 10:25:38,1,120.64,True,False,False,False,23.906,0.002,0.606,0.0,15.815,108.958,30.0,5.0
2022-12-15 10:25:38,1,120.69,True,False,False,False,23.983,0.002,0.609,0.0,15.815,108.958,30.0,5.0
2022-12-15 10:25:38,1,120.74,True,False,False,False,24.015,0.001,0.595,0.0,15.815,108.958,30.0,5.0
2022-12-15 10:25:38,1,120.79,True,False,False,False,24.089,0.001,0.599,0.0,15.815,108.958,30.0,5.0
2022-12-15 10:25:38,1,120.84,True,False,False,False,24.117,0.0,0.597,0.0,15.815,108.958,30.0,5.0
2022-12-15 10:25:38,1,120.89,True,False,False,False,24.186,-0.0,0.599,0.0,15.815,108.958,30.0,5.0
2022-12-15 10:25:38,1,120.94,True,False,False,False,24.21,-0.0,0.594,0.0,15.815,108.958,30.0,5.0
2022-12-15 10:25:38,1,120.99,True,False,False,False,24.276,-0.001,0.593,0.0,15.815,108.958,30.0,5.0
2022-12-15 10:25:38,1,121.04,True,False,False,False,24.298,-0.001,0.586,0.0,15.815,108.958,30.0,5.0
2022-12-15 10:25:38,1,121.09,True,False,False,False,24.359,-0.001,0.589,0.0,15.815,108.958,30.0,5.0
2022-12-15 10:25:39,1,121.14,True,False,False,False,24.375,-0.002,0.576,0.0,15.815,108.958,30.0,5.0
2022-12-15 10:25:39,1,121.19,True,False,False,False,24.431,-0.002,0.566,0.0,15.815,108.958,30.0,5.0
2022-12-15 10:25:39,1,121.24,True,False,False,False,24.44,-0.002,0.549,0.0,15.815,108.958,30.0,5.0
2022-12-15 10:25:39,1,121.29,True,False,False,False,24.484,-0.002,0.542,0.0,15.815,108.958,30.0,5.0
2022-12-15 10:25:39,1,121.34,True,False,False,False,24.477,-0.002,0.531,0.0,15.815,108.958,30.0,5.0
2022-12-15 10:25:39,1,121.39,True,False,False,False,24.505,-0.003,0.529,0.0,15.815,108.958,30.0,5.0
2022-12-15 10:25:39,1,121.44,True,False,False,False,24.484,-0.003,0.521,0.0,15.815,108.958,30.0,5.0
2022-12-15 10:25:39,1,121.49,True,False,False,False,24.498,-0.003,0.525,0.0,15.815,108.958,30.0,5.0
2022-12-15 10:25:39,1,121.54,True,False,False,False,24.466,-0.003,0.524,0.0,15.815,108.958,30.0,5.0
2022-12-15 10:25:39,1,121.59,True,False,False,False,24.472,-0.003,0.533,0.0,15.815,108.958,30.0,5.0
2022-12-15 10:25:39,1,121.64,True,False,False,False,24.435,-0.003,0.537,0.0,15.815,108.958,30.0,5.0
2022-12-15 10:25:39,1,121.69,True,False,False,False,24.442,-0.004,0.545,0.0,15.815,108.958,30.0,5.0
2022-12-15 10:25:39,1,121.74,True,False,False,False,24.408,-0.004,0.549,0.0,15.815,108.958,30.0,5.0
2022-12-15 10:25:39,1,121.79,True,False,False,False,24.419,-0.004,0.559,0.0,15.815,108.958,30.0,5.0
2022-12-15 10:25:40,1,121.84,True,False,False,False,24.392,-0.004,0.562,0.0,15.815,108.958,30.0,5.0
2022-12-15 10:25:40,1,121.89,True,False,False,False,24.411,-0.004,0.569,0.0,15.815,108.958,30.0,5.0
2022-12-15 10:25:40,1,121.94,True,False,False,False,24.393,-0.004,0.568,0.0,15.815,108.958,30.0,5.0
2022-12-15 10:25:40,1,121.99,True,False,False,False,24.42,-0.004,0.571,0.0,15.815,108.958,30.0,5.0
2022-12-15 10:25:40,1,122.04,True,False,False,False,24.408,-0.002,0.568,0.0,15.815,108.958,30.0,5.0
2022-12-15 10:25:40,1,122.09,True,False,False,False,24.441,-0.004,0.569,0.0,15.815,108.958,30.0,5.0
2022-12-15 10:25:40,1,122.14,True,False,False,False,24.432,-0.004,0.563,0.0,15.815,108.958,30.0,5.0
2022-12-15 10:25:40,1,122.19,True,False,False,False,24.466,-0.004,0.56,0.0,15.815,108.958,30.0,5.0
2022-12-15 10:25:40,1,122.24,True,False,False,False,24.457,-0.004,0.554,0.0,15.815,108.958,30.0,5.0
2022-12-15 10:25:40,1,122.29,True,False,False,False,24.487,-0.004,0.55,0.0,15.815,108.958,30.0,5.0
2022-12-15 10:25:40,1,122.34,True,False,False,False,24.474,-0.005,0.543,0.0,15.815,108.958,30.0,5.0
2022-12-15 10:25:40,1,122.39,True,False,False,False,24.499,-0.005,0.542,0.0,15.815,108.958,30.0,5.0
2022-12-15 10:25:40,1,122.44,True,False,False,False,24.479,-0.005,0.537,0.0,15.815,108.958,30.0,5.0
2022-12-15 10:25:40,1,122.49,True,False,False,False,24.497,-0.005,0.538,0.0,15.815,108.958,30.0,5.0
2022-12-15 10:25:41,1,122.54,True,False,False,False,24.471,-0.005,0.535,0.0,15.815,108.958,30.0,5.0
2022-12-15 10:25:41,1,122.59,True,False,False,False,24.485,-0.005,0.54,0.0,15.815,108.958,30.0,5.0
2022-12-15 10:25:41,1,122.64,True,False,False,False,24.456,-0.005,0.539,0.0,15.815,108.958,30.0,5.0
2022-12-15 10:25:41,1,122.69,True,False,False,False,24.468,-0.005,0.545,0.0,15.815,108.958,30.0,5.0
2022-12-15 10:25:41,1,122.74,True,False,False,False,24.438,-0.005,0.545,0.0,15.815,108.958,30.0,5.0
2022-12-15 10:25:41,1,122.79,True,False,False,False,24.452,-0.005,0.552,0.0,15.815,108.958,30.0,5.0
2022-12-15 10:25:41,1,122.84,True,False,False,False,24.425,-0.005,0.553,0.0,15.815,108.958,30.0,5.0
2022-12-15 10:25:41,1,122.89,True,False,False,False,24.443,-0.004,0.559,0.0,15.815,108.958,30.0,5.0
2022-12-15 10:25:41,1,122.94,True,False,False,False,24.421,-0.004,0.558,0.0,15.815,108.958,30.0,5.0
2022-12-15 10:25:41,1,122.99,True,False,False,False,24.443,-0.004,0.562,0.0,15.815,108.958,30.0,5.0
2022-12-15 10:25:41,1,123.04,True,False,False,False,24.425,-0.004,0.559,0.0,15.815,108.958,30.0,5.0
2022-12-15 10:25:41,1,123.09,True,False,False,False,24.451,-0.004,0.561,0.0,15.815,108.958,30.0,5.0
2022-12-15 10:25:41,1,123.14,True,False,False,False,24.436,-0.004,0.557,0.0,15.815,108.958,30.0,5.0
2022-12-15 10:25:41,1,123.19,True,False,False,False,24.463,-0.004,0.557,0.0,15.815,108.958,30.0,5.0
2022-12-15 10:25:41,1,123.24,True,False,False,False,24.448,-0.004,0.552,0.0,15.815,108.958,30.0,5.0
2022-12-15 10:25:42,1,123.29,True,False,False,False,24.475,-0.003,0.552,0.0,15.815,108.958,30.0,5.0
2022-12-15 10:25:42,1,123.34,True,False,False,False,24.458,-0.003,0.547,0.0,15.815,108.958,30.0,5.0
2022-12-15 10:25:42,1,123.39,True,False,False,False,24.482,-0.003,0.548,0.0,15.815,108.958,30.0,5.0
2022-12-15 10:25:42,1,123.44,True,False,False,False,24.462,-0.003,0.544,0.0,15.815,108.958,30.0,5.0
2022-12-15 10:25:42,1,123.49,True,False,False,False,24.483,-0.002,0.545,0.0,15.815,108.958,30.0,5.0
2022-12-15 10:25:42,1,123.54,True,False,False,False,24.46,-0.003,0.54,0.0,15.815,108.958,30.0,5.0
2022-12-15 10:25:42,1,123.59,True,False,False,False,24.478,-0.003,0.542,0.0,15.815,108.958,30.0,5.0
2022-12-15 10:25:42,1,123.64,True,False,False,False,24.452,-0.003,0.541,0.0,15.815,108.958,30.0,5.0
2022-12-15 10:25:42,1,123.69,True,False,False,False,24.467,-0.003,0.545,0.0,15.815,108.958,30.0,5.0
2022-12-15 10:25:42,1,123.74,True,False,False,False,24.441,-0.003,0.544,0.0,15.815,108.958,30.0,5.0
2022-12-15 10:25:42,1,123.79,True,False,False,False,24.456,-0.002,0.545,0.0,15.815,108.958,30.0,5.0
2022-12-15 10:25:42,1,123.84,True,False,False,False,24.429,-0.002,0.544,0.0,15.815,108.958,30.0,5.0
2022-12-15 10:25:42,1,123.89,True,False,False,False,24.445,-0.002,0.55,0.0,15.815,108.958,30.0,5.0
2022-12-15 10:25:42,1,123.94,True,False,False,False,24.419,-0.002,0.549,0.0,15.815,108.958,30.0,5.0
2022-12-15 10:25:42,1,123.99,True,False,False,False,24.437,-0.002,0.552,0.0,15.815,108.958,30.0,5.0
2022-12-15 10:25:43,1,124.04,True,False,False,False,24.413,-0.002,0.551,0.0,15.815,108.958,30.0,5.0
2022-12-15 10:25:43,1,124.09,True,False,False,False,24.433,-0.002,0.555,0.0,15.815,108.958,30.0,5.0
2022-12-15 10:25:43,1,124.14,True,False,False,False,24.412,-0.002,0.553,0.0,15.815,108.958,30.0,5.0
2022-12-15 10:25:43,1,124.19,True,False,False,False,24.433,-0.002,0.555,0.0,15.815,108.958,30.0,5.0
2022-12-15 10:25:43,1,124.24,True,False,False,False,24.414,-0.002,0.553,0.0,15.815,108.958,30.0,5.0
2022-12-15 10:25:43,1,124.29,True,False,False,False,24.437,-0.002,0.555,0.0,15.815,108.958,30.0,5.0
2022-12-15 10:25:43,1,124.34,True,False,False,False,24.418,-0.002,0.551,0.0,15.815,108.958,30.0,5.0
2022-12-15 10:25:43,1,124.39,True,False,False,False,24.441,-0.002,0.553,0.0,15.815,108.958,30.0,5.0
2022-12-15 10:25:43,1,124.44,True,False,False,False,24.422,-0.002,0.547,0.0,15.815,108.958,30.0,5.0
2022-12-15 10:25:43,1,124.49,True,False,False,False,24.445,-0.001,0.55,0.0,15.815,108.958,30.0,5.0
2022-12-15 10:25:43,1,124.54,True,False,False,False,24.424,-0.001,0.547,0.0,15.815,108.958,30.0,5.0
2022-12-15 10:25:43,1,124.59,True,False,False,False,24.445,-0.001,0.549,0.0,15.815,108.958,30.0,5.0
2022-12-15 10:25:43,1,124.64,True,False,False,False,24.423,-0.001,0.547,0.0,15.815,108.958,30.0,5.0
2022-12-15 10:25:43,1,124.69,True,False,False,False,24.443,-0.001,0.55,0.0,15.815,108.958,30.0,5.0
2022-12-15 10:25:43,1,124.74,True,False,False,False,24.421,-0.001,0.547,0.0,15.815,108.958,30.0,5.0
2022-12-15 10:25:44,1,124.79,True,False,False,False,24.44,-0.001,0.551,0.0,15.815,108.958,30.0,5.0
2022-12-15 10:25:44,1,124.84,True,False,False,False,24.418,-0.001,0.55,0.0,15.815,108.958,30.0,5.0
2022-12-15 10:25:44,1,124.89,True,False,False,False,24.438,-0.001,0.553,0.0,15.815,108.958,30.0,5.0
2022-12-15 10:25:44,1,124.94,True,False,False,False,24.417,-0.001,0.551,0.0,15.815,108.958,30.0,5.0
2022-12-15 10:25:44,1,124.99,True,False,False,False,24.438,-0.001,0.555,0.0,15.815,108.958,30.0,5.0
2022-12-15 10:25:44,1,125.04,True,False,False,False,24.418,-0.001,0.554,0.0,15.815,108.958,30.0,5.0
2022-12-15 10:25:44,1,125.09,True,False,False,False,24.44,-0.001,0.557,0.0,15.815,108.958,30.0,5.0
2022-12-15 10:25:44,1,125.14,True,False,False,False,24.422,-0.001,0.555,0.0,15.815,108.958,30.0,5.0
2022-12-15 10:25:44,1,125.19,True,False,False,False,24.446,-0.001,0.558,0.0,15.815,108.958,30.0,5.0
2022-12-15 10:25:44,1,125.24,True,False,False,False,24.428,-0.001,0.556,0.0,15.815,108.958,30.0,5.0
2022-12-15 10:25:44,1,125.29,True,False,False,False,24.454,-0.001,0.56,0.0,15.815,108.958,30.0,5.0
2022-12-15 10:25:44,1,125.34,True,False,False,False,24.437,-0.001,0.555,0.0,15.815,108.958,30.0,5.0
2022-12-15 10:25:44,1,125.39,True,False,False,False,24.464,-0.001,0.556,0.0,15.815,108.958,30.0,5.0
2022-12-15 10:25:44,1,125.44,True,False,False,False,24.447,-0.001,0.551,0.0,15.815,108.958,30.0,5.0
2022-12-15 10:25:45,1,125.49,True,False,False,False,24.473,-0.0,0.551,0.0,15.815,108.958,30.0,5.0
2022-12-15 10:25:45,1,125.54,True,False,False,False,24.455,-0.0,0.546,0.0,15.815,108.958,30.0,5.0
2022-12-15 10:25:45,1,125.59,True,False,False,False,24.477,-0.0,0.548,0.0,15.815,108.958,30.0,5.0
2022-12-15 10:25:45,1,125.64,True,False,False,False,24.457,-0.0,0.544,0.0,15.815,108.958,30.0,5.0
2022-12-15 10:25:45,1,125.69,True,False,False,False,24.477,-0.0,0.547,0.0,15.815,108.958,30.0,5.0
2022-12-15 10:25:45,1,125.74,True,False,False,False,24.454,-0.0,0.545,0.0,15.815,108.958,30.0,5.0
2022-12-15 10:25:45,1,125.79,True,False,False,False,24.472,-0.0,0.547,0.0,15.815,108.958,30.0,5.0
2022-12-15 10:25:45,1,125.84,True,False,False,False,24.448,-0.0,0.546,0.0,15.815,108.958,30.0,5.0
2022-12-15 10:25:45,1,125.89,True,False,False,False,24.466,-0.0,0.549,0.0,15.815,108.958,30.0,5.0
2022-12-15 10:25:45,1,125.94,True,False,False,False,24.442,-0.0,0.549,0.0,15.815,108.958,30.0,5.0
2022-12-15 10:25:45,1,125.99,True,False,False,False,24.461,-0.0,0.552,0.0,15.815,108.958,30.0,5.0
2022-12-15 10:25:45,1,126.04,True,False,False,False,24.438,-0.0,0.55,0.0,15.815,108.958,30.0,5.0
2022-12-15 10:25:45,1,126.09,True,False,False,False,24.458,-0.0,0.554,0.0,15.815,108.958,30.0,5.0
2022-12-15 10:25:45,1,126.14,True,False,False,False,24.436,-0.0,0.552,0.0,15.815,108.958,30.0,5.0
2022-12-15 10:25:45,1,126.19,True,False,False,False,24.457,-0.0,0.555,0.0,15.815,108.958,30.0,5.0
2022-12-15 10:25:46,1,126.24,True,False,False,False,24.437,-0.0,0.553,0.0,15.815,108.958,30.0,5.0
2022-12-15 10:25:46,1,126.29,True,False,False,False,24.46,-0.0,0.556,0.0,15.815,108.958,30.0,5.0
2022-12-15 10:25:46,1,126.34,True,False,False,False,24.441,-0.0,0.551,0.0,15.815,108.958,30.0,5.0
2022-12-15 10:25:46,1,126.39,True,False,False,False,24.464,-0.0,0.555,0.0,15.815,108.958,30.0,5.0
2022-12-15 10:25:46,1,126.44,True,False,False,False,24.445,-0.0,0.551,0.0,15.815,108.958,30.0,5.0
2022-12-15 10:25:46,1,126.49,True,False,False,False,24.469,0.0,0.553,0.0,15.815,108.958,30.0,5.0
2022-12-15 10:25:46,1,126.54,True,False,False,False,24.45,0.0,0.549,0.0,15.815,108.958,30.0,5.0
2022-12-15 10:25:46,1,126.59,True,False,False,False,24.472,0.0,0.551,0.0,15.815,108.958,30.0,5.0
2022-12-15 10:25:46,1,126.64,True,False,False,False,24.452,0.0,0.548,0.0,15.815,108.958,30.0,5.0
2022-12-15 10:25:46,1,126.69,True,False,False,False,24.473,-0.0,0.55,0.0,15.815,108.958,30.0,5.0
2022-12-15 10:25:46,1,126.74,True,False,False,False,24.452,-0.0,0.546,0.0,15.815,108.958,30.0,5.0
2022-12-15 10:25:46,1,126.79,True,False,False,False,24.473,-0.0,0.549,0.0,15.815,108.958,30.0,5.0
2022-12-15 10:25:46,1,126.84,True,False,False,False,24.45,-0.0,0.546,0.0,15.815,108.958,30.0,5.0
2022-12-15 10:25:46,1,126.89,True,False,False,False,24.47,-0.0,0.549,0.0,15.815,108.958,30.0,5.0
2022-12-15 10:25:46,1,126.94,True,False,False,False,24.447,-0.0,0.547,0.0,15.815,108.958,30.0,5.0
2022-12-15 10:25:47,1,126.99,True,False,False,False,24.466,-0.0,0.551,0.0,15.815,108.958,30.0,5.0
2022-12-15 10:25:47,1,127.04,True,False,False,False,24.443,-0.0,0.55,0.0,15.815,108.958,30.0,5.0
2022-12-15 10:25:47,1,127.09,True,False,False,False,24.462,-0.0,0.553,0.0,15.815,108.958,30.0,5.0
2022-12-15 10:25:47,1,127.14,True,False,False,False,24.441,-0.0,0.55,0.0,15.815,108.958,30.0,5.0
2022-12-15 10:25:47,1,127.19,True,False,False,False,24.461,-0.0,0.554,0.0,15.815,108.958,30.0,5.0
2022-12-15 10:25:47,1,127.24,True,False,False,False,24.44,-0.0,0.552,0.0,15.815,108.958,30.0,5.0
2022-12-15 10:25:47,1,127.29,True,False,False,False,24.462,-0.0,0.555,0.0,15.815,108.958,30.0,5.0
2022-12-15 10:25:47,1,127.34,True,False,False,False,24.442,-0.0,0.551,0.0,15.815,108.958,30.0,5.0
2022-12-15 10:25:47,1,127.39,True,False,False,False,24.465,-0.0,0.553,0.0,15.815,108.958,30.0,5.0
2022-12-15 10:25:47,1,127.44,True,False,False,False,24.445,-0.0,0.551,0.0,15.815,108.958,30.0,5.0
2022-12-15 10:25:47,1,127.49,True,False,False,False,24.467,-0.0,0.553,0.0,15.815,108.958,30.0,5.0
2022-12-15 10:25:47,1,127.54,True,False,False,False,24.448,-0.0,0.549,0.0,15.815,108.958,30.0,5.0
2022-12-15 10:25:47,1,127.59,True,False,False,False,24.47,-0.0,0.551,0.0,15.815,108.958,30.0,5.0
2022-12-15 10:25:47,1,127.64,True,False,False,False,24.449,-0.0,0.548,0.0,15.815,108.958,30.0,5.0
2022-12-15 10:25:47,1,127.69,True,False,False,False,24.471,-0.0,0.55,0.0,15.815,108.958,30.0,5.0
2022-12-15 10:25:48,1,127.74,True,False,False,False,24.449,-0.0,0.548,0.0,15.815,108.958,30.0,5.0
2022-12-15 10:25:48,1,127.79,True,False,False,False,24.47,-0.0,0.55,0.0,15.815,108.958,30.0,5.0
2022-12-15 10:25:48,1,127.84,True,False,False,False,24.448,-0.0,0.548,0.0,15.815,108.958,30.0,5.0
2022-12-15 10:25:48,1,127.89,True,False,False,False,24.468,-0.0,0.55,0.0,15.815,108.958,30.0,5.0
2022-12-15 10:25:48,1,127.94,True,False,False,False,24.446,-0.0,0.548,0.0,15.815,108.958,30.0,5.0
2022-12-15 10:25:48,1,127.99,True,False,False,False,24.466,-0.0,0.552,0.0,15.815,108.958,30.0,5.0
2022-12-15 10:25:48,1,128.04,True,False,False,False,24.444,-0.0,0.55,0.0,15.815,108.958,30.0,5.0
2022-12-15 10:25:48,1,128.09,True,False,False,False,24.464,-0.0,0.553,0.0,15.815,108.958,30.0,5.0
2022-12-15 10:25:48,1,128.14,True,False,False,False,24.443,-0.0,0.55,0.0,15.815,108.958,30.0,5.0
2022-12-15 10:25:48,1,128.19,True,False,False,False,24.464,-0.0,0.553,0.0,15.815,108.958,30.0,5.0
2022-12-15 10:25:48,1,128.24,True,False,False,False,24.443,-0.0,0.55,0.0,15.815,108.958,30.0,5.0
2022-12-15 10:25:48,1,128.29,True,False,False,False,24.465,-0.0,0.553,0.0,15.815,108.958,30.0,5.0
2022-12-15 10:25:48,1,128.34,True,False,False,False,24.445,-0.0,0.551,0.0,15.815,108.958,30.0,5.0
2022-12-15 10:25:48,1,128.39,True,False,False,False,24.466,-0.0,0.553,0.0,15.815,108.958,30.0,5.0
2022-12-15 10:25:49,1,128.44,True,False,False,False,24.446,-0.0,0.549,0.0,15.815,108.958,30.0,5.0
2022-12-15 10:25:49,1,128.49,True,False,False,False,24.468,-0.0,0.552,0.0,15.815,108.958,30.0,5.0
2022-12-15 10:25:49,1,128.54,True,False,False,False,24.448,0.0,0.549,0.0,15.815,108.958,30.0,5.0
2022-12-15 10:25:49,1,128.59,True,False,False,False,24.469,-0.0,0.551,0.0,15.815,108.958,30.0,5.0
2022-12-15 10:25:49,1,128.64,True,False,False,False,24.448,0.0,0.548,0.0,15.815,108.958,30.0,5.0
2022-12-15 10:25:49,1,128.69,True,False,False,False,24.469,-0.0,0.551,0.0,15.815,108.958,30.0,5.0
2022-12-15 10:25:49,1,128.74,True,False,False,False,24.447,-0.0,0.548,0.0,15.815,108.958,30.0,5.0
2022-12-15 10:25:49,1,128.79,True,False,False,False,24.468,-0.0,0.552,0.0,15.815,108.958,30.0,5.0
2022-12-15 10:25:49,1,128.84,True,False,False,False,24.446,-0.0,0.548,0.0,15.815,108.958,30.0,5.0
2022-12-15 10:25:49,1,128.89,True,False,False,False,24.466,-0.0,0.552,0.0,15.815,108.958,30.0,5.0
2022-12-15 10:25:49,1,128.94,True,False,False,False,24.445,-0.0,0.55,0.0,15.815,108.958,30.0,5.0
2022-12-15 10:25:49,1,128.99,True,False,False,False,24.465,-0.0,0.553,0.0,15.815,108.958,30.0,5.0
2022-12-15 10:25:49,1,129.04,True,False,False,False,24.444,-0.0,0.55,0.0,15.815,108.958,30.0,5.0
2022-12-15 10:25:49,1,129.09,True,False,False,False,24.466,0.0,0.553,0.0,15.815,108.958,30.0,5.0
2022-12-15 10:25:50,1,129.14,True,False,False,False,24.445,-0.0,0.55,0.0,15.815,108.958,30.0,5.0
2022-12-15 10:25:50,1,129.19,True,False,False,False,24.467,0.0,0.553,0.0,15.815,108.958,30.0,5.0
2022-12-15 10:25:50,1,129.24,True,False,False,False,24.447,0.0,0.549,0.0,15.815,108.958,30.0,5.0
2022-12-15 10:25:50,1,129.29,True,False,False,False,24.468,0.0,0.552,0.0,15.815,108.958,30.0,5.0
2022-12-15 10:25:50,1,129.34,True,False,False,False,24.448,0.0,0.549,0.0,15.815,108.958,30.0,5.0
2022-12-15 10:25:50,1,129.39,True,False,False,False,24.469,-0.0,0.551,0.0,15.815,108.958,30.0,5.0
2022-12-15 10:25:50,1,129.44,True,False,False,False,24.448,-0.0,0.548,0.0,15.815,108.958,30.0,5.0
2022-12-15 10:25:50,1,129.49,True,False,False,False,24.469,-0.0,0.55,0.0,15.815,108.958,30.0,5.0
2022-12-15 10:25:50,1,129.54,True,False,False,False,24.447,0.0,0.547,0.0,15.815,108.958,30.0,5.0
2022-12-15 10:25:50,1,129.59,True,False,False,False,24.467,0.0,0.551,0.0,15.815,108.958,30.0,5.0
2022-12-15 10:25:50,1,129.64,True,False,False,False,24.445,-0.0,0.548,0.0,15.815,108.958,30.0,5.0
2022-12-15 10:25:50,1,129.69,True,False,False,False,24.465,-0.0,0.552,0.0,15.815,108.958,30.0,5.0
2022-12-15 10:25:50,1,129.74,True,False,False,False,24.443,-0.0,0.55,0.0,15.815,108.958,30.0,5.0
2022-12-15 10:25:50,1,129.79,True,False,False,False,24.464,-0.0,0.553,0.0,15.815,108.958,30.0,5.0
2022-12-15 10:25:50,1,129.84,True,False,False,False,24.443,0.0,0.551,0.0,15.815,108.958,30.0,5.0
2022-12-15 10:25:51,1,129.89,True,False,False,False,24.464,-0.0,0.553,0.0,15.815,108.958,30.0,5.0
2022-12-15 10:25:51,1,129.94,True,False,False,False,24.444,-0.0,0.55,0.0,15.815,108.958,30.0,5.0
2022-12-15 10:25:51,1,129.99,True,False,False,False,24.465,-0.0,0.553,0.0,15.815,108.958,30.0,5.0
2022-12-15 10:25:51,1,130.04,True,False,False,False,24.445,-0.0,0.551,0.0,15.815,108.958,30.0,5.0
2022-12-15 10:25:51,1,130.09,True,False,False,False,24.467,-0.0,0.553,0.0,15.815,108.958,30.0,5.0
2022-12-15 10:25:51,1,130.14,True,False,False,False,24.447,-0.0,0.549,0.0,15.815,108.958,30.0,5.0
2022-12-15 10:25:51,1,130.19,True,False,False,False,24.469,-0.0,0.552,0.0,15.815,108.958,30.0,5.0
2022-12-15 10:25:51,1,130.24,True,False,False,False,24.448,-0.0,0.549,0.0,15.815,108.958,30.0,5.0
2022-12-15 10:25:51,1,130.29,True,False,False,False,24.469,-0.0,0.55,0.0,15.815,108.958,30.0,5.0
2022-12-15 10:25:51,1,130.34,True,False,False,False,24.448,-0.0,0.548,0.0,15.815,108.958,30.0,5.0
2022-12-15 10:25:51,1,130.39,True,False,False,False,24.469,-0.0,0.55,0.0,15.815,108.958,30.0,5.0
2022-12-15 10:25:51,1,130.44,True,False,False,False,24.447,-0.0,0.548,0.0,15.815,108.958,30.0,5.0
2022-12-15 10:25:51,1,130.49,True,False,False,False,24.467,-0.0,0.551,0.0,15.815,108.958,30.0,5.0
2022-12-15 10:25:51,1,130.54,True,False,False,False,24.445,-0.0,0.548,0.0,15.815,108.958,30.0,5.0
2022-12-15 10:25:51,1,130.59,True,False,False,False,24.465,-0.0,0.552,0.0,15.815,108.958,30.0,5.0
2022-12-15 10:25:52,1,130.64,True,False,False,False,24.444,-0.0,0.55,0.0,15.815,108.958,30.0,5.0
2022-12-15 10:25:52,1,130.69,True,False,False,False,24.464,-0.0,0.552,0.0,15.815,108.958,30.0,5.0
2022-12-15 10:25:52,1,130.74,True,False,False,False,24.443,-0.0,0.55,0.0,15.815,108.958,30.0,5.0
2022-12-15 10:25:52,1,130.79,True,False,False,False,24.464,-0.0,0.553,0.0,15.815,108.958,30.0,5.0
2022-12-15 10:25:52,1,130.84,True,False,False,False,24.443,-0.0,0.55,0.0,15.815,108.958,30.0,5.0
2022-12-15 10:25:52,1,130.89,True,False,False,False,24.464,-0.0,0.553,0.0,15.815,108.958,30.0,5.0
2022-12-15 10:25:52,1,130.94,True,False,False,False,24.444,-0.0,0.55,0.0,15.815,108.958,30.0,5.0
2022-12-15 10:25:52,1,130.99,True,False,False,False,24.465,-0.0,0.553,0.0,15.815,108.958,30.0,5.0
2022-12-15 10:25:52,1,131.04,True,False,False,False,24.445,0.0,0.55,0.0,15.815,108.958,30.0,5.0
2022-12-15 10:25:52,1,131.09,True,False,False,False,24.466,-0.0,0.553,0.0,15.815,108.958,30.0,5.0
2022-12-15 10:25:52,1,131.14,True,False,False,False,24.446,0.0,0.549,0.0,15.815,108.958,30.0,5.0
2022-12-15 10:25:52,1,131.19,True,False,False,False,24.468,0.0,0.552,0.0,15.815,108.958,30.0,5.0
2022-12-15 10:25:52,1,131.24,True,False,False,False,24.447,0.0,0.549,0.0,15.815,108.958,30.0,5.0
2022-12-15 10:25:53,1,131.29,True,False,False,False,24.468,0.0,0.552,0.0,15.815,108.958,30.0,5.0
2022-12-15 10:25:53,1,131.34,True,False,False,False,24.447,0.0,0.549,0.0,15.815,108.958,30.0,5.0
2022-12-15 10:25:53,1,131.39,True,False,False,False,24.468,0.0,0.552,0.0,15.815,108.958,30.0,5.0
2022-12-15 10:25:53,1,131.44,True,False,False,False,24.448,0.0,0.549,0.0,15.815,108.958,30.0,5.0
2022-12-15 10:25:53,1,131.49,True,False,False,False,24.469,0.0,0.551,0.0,15.815,108.958,30.0,5.0
2022-12-15 10:25:53,1,131.54,True,False,False,False,24.447,0.0,0.548,0.0,15.815,108.958,30.0,5.0
2022-12-15 10:25:53,1,131.59,True,False,False,False,24.468,0.0,0.551,0.0,15.815,108.958,30.0,5.0
2022-12-15 10:25:53,1,131.64,True,False,False,False,24.446,0.0,0.548,0.0,15.815,108.958,30.0,5.0
2022-12-15 10:25:53,1,131.69,True,False,False,False,24.467,0.0,0.552,0.0,15.815,108.958,30.0,5.0
2022-12-15 10:25:53,1,131.74,True,False,False,False,24.445,0.0,0.549,0.0,15.815,108.958,30.0,5.0
2022-12-15 10:25:53,1,131.79,True,False,False,False,24.466,0.0,0.552,0.0,15.815,108.958,30.0,5.0
2022-12-15 10:25:53,1,131.84,True,False,False,False,24.445,0.0,0.55,0.0,15.815,108.958,30.0,5.0
2022-12-15 10:25:53,1,131.89,True,False,False,False,24.465,0.0,0.552,0.0,15.815,108.958,30.0,5.0
2022-12-15 10:25:53,1,131.94,True,False,False,False,24.445,0.0,0.55,0.0,15.815,108.958,30.0,5.0
2022-12-15 10:25:53,1,131.99,True,False,False,False,24.466,0.0,0.553,0.0,15.815,108.958,30.0,5.0
2022-12-15 10:25:54,1,132.04,True,False,False,False,24.445,0.0,0.55,0.0,15.815,108.958,30.0,5.0
2022-12-15 10:25:54,1,132.09,True,False,False,False,24.467,0.0,0.553,0.0,15.815,108.958,30.0,5.0
2022-12-15 10:25:54,1,132.14,True,False,False,False,24.446,0.0,0.549,0.0,15.815,108.958,30.0,5.0
2022-12-15 10:25:54,1,132.19,True,False,False,False,24.468,0.0,0.552,0.0,15.815,108.958,30.0,5.0
2022-12-15 10:25:54,1,132.24,True,False,False,False,24.447,0.0,0.549,0.0,15.815,108.958,30.0,5.0
2022-12-15 10:25:54,1,132.29,True,False,False,False,24.468,-0.0,0.552,0.0,15.815,108.958,30.0,5.0
2022-12-15 10:25:54,1,132.34,True,False,False,False,24.447,-0.0,0.549,0.0,15.815,108.958,30.0,5.0
2022-12-15 10:25:54,1,132.39,True,False,False,False,24.469,0.0,0.551,0.0,15.815,108.958,30.0,5.0
2022-12-15 10:25:54,1,132.44,True,False,False,False,24.448,0.0,0.549,0.0,15.815,108.958,30.0,5.0
2022-12-15 10:25:54,1,132.49,True,False,False,False,24.469,-0.0,0.551,0.0,15.815,108.958,30.0,5.0
2022-12-15 10:25:54,1,132.54,True,False,False,False,24.447,0.0,0.548,0.0,15.815,108.958,30.0,5.0
2022-12-15 10:25:54,1,132.59,True,False,False,False,24.468,0.0,0.552,0.0,15.815,108.958,30.0,5.0
2022-12-15 10:25:54,1,132.64,True,False,False,False,24.446,0.0,0.548,0.0,15.815,108.958,30.0,5.0
2022-12-15 10:25:54,1,132.69,True,False,False,False,24.466,0.0,0.551,0.0,15.815,108.958,30.0,5.0
2022-12-15 10:25:54,1,132.74,True,False,False,False,24.445,0.0,0.548,0.0,15.815,108.958,30.0,5.0
2022-12-15 10:25:55,1,132.79,True,False,False,False,24.465,0.0,0.552,0.0,15.815,108.958,30.0,5.0
2022-12-15 10:25:55,1,132.84,True,False,False,False,24.443,0.0,0.55,0.0,15.815,108.958,30.0,5.0
2022-12-15 10:25:55,1,132.89,True,False,False,False,24.464,0.0,0.553,0.0,15.815,108.958,30.0,5.0
2022-12-15 10:25:55,1,132.94,True,False,False,False,24.443,0.0,0.551,0.0,15.815,108.958,30.0,5.0
2022-12-15 10:25:55,1,132.99,True,False,False,False,24.464,0.0,0.554,0.0,15.815,108.958,30.0,5.0
2022-12-15 10:25:55,1,133.04,True,False,False,False,24.444,-0.0,0.551,0.0,15.815,108.958,30.0,5.0
2022-12-15 10:25:55,1,133.09,True,False,False,False,24.466,0.0,0.553,0.0,15.815,108.958,30.0,5.0
2022-12-15 10:25:55,1,133.14,True,False,False,False,24.446,0.0,0.551,0.0,15.815,108.958,30.0,5.0
2022-12-15 10:25:55,1,133.19,True,False,False,False,24.468,0.0,0.553,0.0,15.815,108.958,30.0,5.0
2022-12-15 10:25:55,1,133.24,True,False,False,False,24.448,0.0,0.549,0.0,15.815,108.958,30.0,5.0
2022-12-15 10:25:55,1,133.29,True,False,False,False,24.47,0.0,0.551,0.0,15.815,108.958,30.0,5.0
2022-12-15 10:25:55,1,133.34,True,False,False,False,24.449,0.0,0.548,0.0,15.815,108.958,30.0,5.0
2022-12-15 10:25:55,1,133.39,True,False,False,False,24.47,0.0,0.55,0.0,15.815,108.958,30.0,5.0
2022-12-15 10:25:55,1,133.44,True,False,False,False,24.449,0.0,0.548,0.0,15.815,108.958,30.0,5.0
2022-12-15 10:25:55,1,133.49,True,False,False,False,24.469,0.0,0.55,0.0,15.815,108.958,30.0,5.0
2022-12-15 10:25:56,1,133.54,True,False,False,False,24.448,-0.0,0.548,0.0,15.815,108.958,30.0,5.0
2022-12-15 10:25:56,1,133.59,True,False,False,False,24.468,-0.0,0.55,0.0,15.815,108.958,30.0,5.0
2022-12-15 10:25:56,1,133.64,True,False,False,False,24.446,-0.0,0.548,0.0,15.815,108.958,30.0,5.0
2022-12-15 10:25:56,1,133.69,True,False,False,False,24.465,-0.0,0.551,0.0,15.815,108.958,30.0,5.0
2022-12-15 10:25:56,1,133.74,True,False,False,False,24.443,-0.0,0.55,0.0,15.815,108.958,30.0,5.0
2022-12-15 10:25:56,1,133.79,True,False,False,False,24.464,-0.0,0.553,0.0,15.815,108.958,30.0,5.0
2022-12-15 10:25:56,1,133.84,True,False,False,False,24.442,0.0,0.55,0.0,15.815,108.958,30.0,5.0
2022-12-15 10:25:56,1,133.89,True,False,False,False,24.463,0.0,0.553,0.0,15.815,108.958,30.0,5.0
2022-12-15 10:25:56,1,133.94,True,False,False,False,24.443,0.0,0.55,0.0,15.815,108.958,30.0,5.0
2022-12-15 10:25:56,1,133.99,True,False,False,False,24.464,0.0,0.553,0.0,15.815,108.958,30.0,5.0
2022-12-15 10:25:56,1,134.04,True,False,False,False,24.444,0.0,0.55,0.0,15.815,108.958,30.0,5.0
2022-12-15 10:25:56,1,134.09,True,False,False,False,24.465,-0.0,0.553,0.0,15.815,108.958,30.0,5.0
2022-12-15 10:25:56,1,134.14,True,False,False,False,24.445,0.0,0.551,0.0,15.815,108.958,30.0,5.0
2022-12-15 10:25:56,1,134.19,True,False,False,False,24.467,0.0,0.553,0.0,15.815,108.958,30.0,5.0
2022-12-15 10:25:56,1,134.24,True,False,False,False,24.446,-0.0,0.55,0.0,15.815,108.958,30.0,5.0
2022-12-15 10:25:57,1,134.29,True,False,False,False,24.468,-0.0,0.552,0.0,15.815,108.958,30.0,5.0
2022-12-15 10:25:57,1,134.34,True,False,False,False,24.448,-0.0,0.549,0.0,15.815,108.958,30.0,5.0
2022-12-15 10:25:57,1,134.39,True,False,False,False,24.469,-0.0,0.551,0.0,15.815,108.958,30.0,5.0
2022-12-15 10:25:57,1,134.44,True,False,False,False,24.448,-0.0,0.548,0.0,15.815,108.958,30.0,5.0
2022-12-15 10:25:57,1,134.49,True,False,False,False,24.469,0.0,0.551,0.0,15.815,108.958,30.0,5.0
2022-12-15 10:25:57,1,134.54,True,False,False,False,24.448,0.0,0.548,0.0,15.815,108.958,30.0,5.0
2022-12-15 10:25:57,1,134.59,True,False,False,False,24.468,0.0,0.55,0.0,15.815,108.958,30.0,5.0
2022-12-15 10:25:57,1,134.64,True,False,False,False,24.447,0.0,0.548,0.0,15.815,108.958,30.0,5.0
2022-12-15 10:25:57,1,134.69,True,False,False,False,24.467,0.0,0.551,0.0,15.815,108.958,30.0,5.0
2022-12-15 10:25:57,1,134.74,True,False,False,False,24.445,0.0,0.549,0.0,15.815,108.958,30.0,5.0
2022-12-15 10:25:57,1,134.79,True,False,False,False,24.465,0.0,0.552,0.0,15.815,108.958,30.0,5.0
2022-12-15 10:25:57,1,134.84,True,False,False,False,24.443,0.0,0.55,0.0,15.815,108.958,30.0,5.0
2022-12-15 10:25:57,1,134.89,True,False,False,False,24.464,-0.0,0.554,0.0,15.815,108.958,30.0,5.0
2022-12-15 10:25:57,1,134.94,True,False,False,False,24.443,0.0,0.55,0.0,15.815,108.958,30.0,5.0
2022-12-15 10:25:57,1,134.99,True,False,False,False,24.465,0.0,0.553,0.0,15.815,108.958,30.0,5.0
2022-12-15 10:25:58,1,135.04,True,False,False,False,24.444,0.0,0.55,0.0,15.815,108.958,30.0,5.0
2022-12-15 10:25:58,1,135.09,True,False,False,False,24.466,-0.0,0.553,0.0,15.815,108.958,30.0,5.0
2022-12-15 10:25:58,1,135.14,True,False,False,False,24.446,-0.0,0.55,0.0,15.815,108.958,30.0,5.0
2022-12-15 10:25:58,1,135.19,True,False,False,False,24.468,-0.0,0.553,0.0,15.815,108.958,30.0,5.0
2022-12-15 10:25:58,1,135.24,True,False,False,False,24.447,-0.0,0.55,0.0,15.815,108.958,30.0,5.0
2022-12-15 10:25:58,1,135.29,True,False,False,False,24.469,-0.0,0.552,0.0,15.815,108.958,30.0,5.0
2022-12-15 10:25:58,1,135.34,True,False,False,False,24.449,-0.0,0.549,0.0,15.815,108.958,30.0,5.0
2022-12-15 10:25:58,1,135.39,True,False,False,False,24.47,-0.0,0.551,0.0,15.815,108.958,30.0,5.0
2022-12-15 10:25:58,1,135.44,True,False,False,False,24.449,-0.0,0.548,0.0,15.815,108.958,30.0,5.0
2022-12-15 10:25:58,1,135.49,True,False,False,False,24.47,-0.0,0.551,0.0,15.815,108.958,30.0,5.0
2022-12-15 10:25:58,1,135.54,True,False,False,False,24.449,-0.0,0.548,0.0,15.815,108.958,30.0,5.0
2022-12-15 10:25:58,1,135.59,True,False,False,False,24.469,-0.0,0.55,0.0,15.815,108.958,30.0,5.0
2022-12-15 10:25:58,1,135.64,True,False,False,False,24.447,-0.0,0.547,0.0,15.815,108.958,30.0,5.0
2022-12-15 10:25:58,1,135.69,True,False,False,False,24.467,-0.0,0.551,0.0,15.815,108.958,30.0,5.0
2022-12-15 10:25:58,1,135.74,True,False,False,False,24.445,-0.0,0.548,0.0,15.815,108.958,30.0,5.0
2022-12-15 10:25:59,1,135.79,True,False,False,False,24.465,-0.0,0.552,0.0,15.815,108.958,30.0,5.0
2022-12-15 10:25:59,1,135.84,True,False,False,False,24.443,-0.0,0.55,0.0,15.815,108.958,30.0,5.0
2022-12-15 10:25:59,1,135.89,True,False,False,False,24.464,0.0,0.553,0.0,15.815,108.958,30.0,5.0
2022-12-15 10:25:59,1,135.94,True,False,False,False,24.443,0.0,0.55,0.0,15.815,108.958,30.0,5.0
2022-12-15 10:25:59,1,135.99,True,False,False,False,24.464,-0.0,0.553,0.0,15.815,108.958,30.0,5.0
2022-12-15 10:25:59,1,136.04,True,False,False,False,24.443,0.0,0.55,0.0,15.815,108.958,30.0,5.0
2022-12-15 10:25:59,1,136.09,True,False,False,False,24.465,0.0,0.553,0.0,15.815,108.958,30.0,5.0
2022-12-15 10:25:59,1,136.14,True,False,False,False,24.444,-0.0,0.55,0.0,15.815,108.958,30.0,5.0
2022-12-15 10:25:59,1,136.19,True,False,False,False,24.466,-0.0,0.553,0.0,15.815,108.958,30.0,5.0
2022-12-15 10:25:59,1,136.24,True,False,False,False,24.446,0.0,0.549,0.0,15.815,108.958,30.0,5.0
2022-12-15 10:25:59,1,136.29,True,False,False,False,24.468,0.0,0.553,0.0,15.815,108.958,30.0,5.0
2022-12-15 10:25:59,1,136.34,True,False,False,False,24.447,-0.0,0.548,0.0,15.815,108.958,30.0,5.0
2022-12-15 10:25:59,1,136.39,True,False,False,False,24.468,-0.0,0.552,0.0,15.815,108.958,30.0,5.0
2022-12-15 10:25:59,1,136.44,True,False,False,False,24.448,-0.0,0.548,0.0,15.815,108.958,30.0,5.0
2022-12-15 10:26:00,1,136.49,True,False,False,False,24.469,-0.0,0.551,0.0,15.815,108.958,30.0,5.0
2022-12-15 10:26:00,1,136.54,True,False,False,False,24.448,-0.0,0.548,0.0,15.815,108.958,30.0,5.0
2022-12-15 10:26:00,1,136.59,True,False,False,False,24.468,-0.0,0.55,0.0,15.815,108.958,30.0,5.0
2022-12-15 10:26:00,1,136.64,True,False,False,False,24.446,-0.0,0.548,0.0,15.815,108.958,30.0,5.0
2022-12-15 10:26:00,1,136.69,True,False,False,False,24.466,-0.0,0.552,0.0,15.815,108.958,30.0,5.0
2022-12-15 10:26:00,1,136.74,True,False,False,False,24.445,-0.0,0.549,0.0,15.815,108.958,30.0,5.0
2022-12-15 10:26:00,1,136.79,True,False,False,False,24.465,-0.0,0.552,0.0,15.815,108.958,30.0,5.0
2022-12-15 10:26:00,1,136.84,True,False,False,False,24.444,-0.0,0.55,0.0,15.815,108.958,30.0,5.0
2022-12-15 10:26:00,1,136.89,True,False,False,False,24.465,-0.0,0.553,0.0,15.815,108.958,30.0,5.0
2022-12-15 10:26:00,1,136.94,True,False,False,False,24.444,-0.0,0.551,0.0,15.815,108.958,30.0,5.0
2022-12-15 10:26:00,1,136.99,True,False,False,False,24.466,-0.0,0.553,0.0,15.815,108.958,30.0,5.0
2022-12-15 10:26:00,1,137.04,True,False,False,False,24.445,-0.0,0.55,0.0,15.815,108.958,30.0,5.0
2022-12-15 10:26:00,1,137.09,True,False,False,False,24.467,-0.0,0.553,0.0,15.815,108.958,30.0,5.0
2022-12-15 10:26:00,1,137.14,True,False,False,False,24.447,-0.0,0.549,0.0,15.815,108.958,30.0,5.0
2022-12-15 10:26:00,1,137.19,True,False,False,False,24.469,-0.0,0.553,0.0,15.815,108.958,30.0,5.0
2022-12-15 10:26:01,1,137.24,True,False,False,False,24.448,-0.0,0.548,0.0,15.815,108.958,30.0,5.0
2022-12-15 10:26:01,1,137.29,True,False,False,False,24.469,-0.0,0.55,0.0,15.815,108.958,30.0,5.0
2022-12-15 10:26:01,1,137.34,True,False,False,False,24.448,-0.0,0.548,0.0,15.815,108.958,30.0,5.0
2022-12-15 10:26:01,1,137.39,True,False,False,False,24.469,-0.0,0.55,0.0,15.815,108.958,30.0,5.0
2022-12-15 10:26:01,1,137.44,True,False,False,False,24.447,-0.0,0.548,0.0,15.815,108.958,30.0,5.0
2022-12-15 10:26:01,1,137.49,True,False,False,False,24.467,-0.0,0.552,0.0,15.815,108.958,30.0,5.0
2022-12-15 10:26:01,1,137.54,True,False,False,False,24.446,-0.0,0.548,0.0,15.815,108.958,30.0,5.0
2022-12-15 10:26:01,1,137.59,True,False,False,False,24.466,-0.0,0.552,0.0,15.815,108.958,30.0,5.0
2022-12-15 10:26:01,1,137.64,True,False,False,False,24.444,-0.0,0.55,0.0,15.815,108.958,30.0,5.0
2022-12-15 10:26:01,1,137.69,True,False,False,False,24.465,-0.0,0.553,0.0,15.815,108.958,30.0,5.0
2022-12-15 10:26:01,1,137.74,True,False,False,False,24.444,-0.0,0.55,0.0,15.815,108.958,30.0,5.0
2022-12-15 10:26:01,1,137.79,True,False,False,False,24.465,-0.0,0.553,0.0,15.815,108.958,30.0,5.0
2022-12-15 10:26:01,1,137.84,True,False,False,False,24.444,0.0,0.55,0.0,15.815,108.958,30.0,5.0
2022-12-15 10:26:01,1,137.89,True,False,False,False,24.466,0.0,0.553,0.0,15.815,108.958,30.0,5.0
2022-12-15 10:26:02,1,137.94,True,False,False,False,24.445,0.0,0.55,0.0,15.815,108.958,30.0,5.0
2022-12-15 10:26:02,1,137.99,True,False,False,False,24.467,0.0,0.553,0.0,15.815,108.958,30.0,5.0
2022-12-15 10:26:02,1,138.04,True,False,False,False,24.447,0.0,0.549,0.0,15.815,108.958,30.0,5.0
2022-12-15 10:26:02,1,138.09,True,False,False,False,24.469,0.0,0.552,0.0,15.815,108.958,30.0,5.0
2022-12-15 10:26:02,1,138.14,True,False,False,False,24.448,0.0,0.549,0.0,15.815,108.958,30.0,5.0
2022-12-15 10:26:02,1,138.19,True,False,False,False,24.47,0.0,0.551,0.0,15.815,108.958,30.0,5.0
2022-12-15 10:26:02,1,138.24,True,False,False,False,24.449,0.0,0.548,0.0,15.815,108.958,30.0,5.0
2022-12-15 10:26:02,1,138.29,True,False,False,False,24.47,0.0,0.551,0.0,15.815,108.958,30.0,5.0
2022-12-15 10:26:02,1,138.34,True,False,False,False,24.448,0.0,0.548,0.0,15.815,108.958,30.0,5.0
2022-12-15 10:26:02,1,138.39,True,False,False,False,24.469,0.0,0.55,0.0,15.815,108.958,30.0,5.0
2022-12-15 10:26:02,1,138.44,True,False,False,False,24.447,0.0,0.548,0.0,15.815,108.958,30.0,5.0
2022-12-15 10:26:02,1,138.49,True,False,False,False,24.467,0.0,0.552,0.0,15.815,108.958,30.0,5.0
2022-12-15 10:26:02,1,138.54,True,False,False,False,24.445,0.0,0.549,0.0,15.815,108.958,30.0,5.0
2022-12-15 10:26:02,1,138.59,True,False,False,False,24.466,0.0,0.552,0.0,15.815,108.958,30.0,5.0
2022-12-15 10:26:02,1,138.64,True,False,False,False,24.444,0.0,0.55,0.0,15.815,108.958,30.0,5.0
2022-12-15 10:26:03,1,138.69,True,False,False,False,24.465,0.0,0.553,0.0,15.815,108.958,30.0,5.0
2022-12-15 10:26:03,1,138.74,True,False,False,False,24.445,0.0,0.551,0.0,15.815,108.958,30.0,5.0
2022-12-15 10:26:03,1,138.79,True,False,False,False,24.466,0.0,0.553,0.0,15.815,108.958,30.0,5.0
2022-12-15 10:26:03,1,138.84,True,False,False,False,24.446,0.0,0.55,0.0,15.815,108.958,30.0,5.0
2022-12-15 10:26:03,1,138.89,True,False,False,False,24.467,0.0,0.553,0.0,15.815,108.958,30.0,5.0
2022-12-15 10:26:03,1,138.94,True,False,False,False,24.447,0.0,0.549,0.0,15.815,108.958,30.0,5.0
2022-12-15 10:26:03,1,138.99,True,False,False,False,24.469,0.0,0.552,0.0,15.815,108.958,30.0,5.0
2022-12-15 10:26:03,1,139.04,True,False,False,False,24.448,0.0,0.549,0.0,15.815,108.958,30.0,5.0
2022-12-15 10:26:03,1,139.09,True,False,False,False,24.469,0.0,0.551,0.0,15.815,108.958,30.0,5.0
2022-12-15 10:26:03,1,139.14,True,False,False,False,24.448,0.0,0.548,0.0,15.815,108.958,30.0,5.0
2022-12-15 10:26:03,1,139.19,True,False,False,False,24.469,0.0,0.55,0.0,15.815,108.958,30.0,5.0
2022-12-15 10:26:03,1,139.24,True,False,False,False,24.447,0.0,0.548,0.0,15.815,108.958,30.0,5.0
2022-12-15 10:26:03,1,139.29,True,False,False,False,24.467,0.0,0.552,0.0,15.815,108.958,30.0,5.0
2022-12-15 10:26:03,1,139.34,True,False,False,False,24.445,-0.0,0.549,0.0,15.815,108.958,30.0,5.0
2022-12-15 10:26:03,1,139.39,True,False,False,False,24.466,0.0,0.552,0.0,15.815,108.958,30.0,5.0
2022-12-15 10:26:03,1,139.44,True,False,False,False,24.444,0.0,0.55,0.0,15.815,108.958,30.0,5.0
2022-12-15 10:26:04,1,139.49,True,False,False,False,24.465,-0.0,0.552,0.0,15.815,108.958,30.0,5.0
2022-12-15 10:26:04,1,139.54,True,False,False,False,24.444,-0.0,0.55,0.0,15.815,108.958,30.0,5.0
2022-12-15 10:26:04,1,139.59,True,False,False,False,24.465,-0.0,0.553,0.0,15.815,108.958,30.0,5.0
2022-12-15 10:26:04,1,139.64,True,False,False,False,24.445,-0.0,0.551,0.0,15.815,108.958,30.0,5.0
2022-12-15 10:26:04,1,139.69,True,False,False,False,24.466,0.0,0.553,0.0,15.815,108.958,30.0,5.0
2022-12-15 10:26:04,1,139.74,True,False,False,False,24.446,0.0,0.55,0.0,15.815,108.958,30.0,5.0
2022-12-15 10:26:04,1,139.79,True,False,False,False,24.468,0.0,0.553,0.0,15.815,108.958,30.0,5.0
2022-12-15 10:26:04,1,139.84,True,False,False,False,24.447,0.0,0.549,0.0,15.815,108.958,30.0,5.0
2022-12-15 10:26:04,1,139.89,True,False,False,False,24.469,0.0,0.552,0.0,15.815,108.958,30.0,5.0
2022-12-15 10:26:04,1,139.94,True,False,False,False,24.448,0.0,0.549,0.0,15.815,108.958,30.0,5.0
2022-12-15 10:26:04,1,139.99,True,False,False,False,24.469,0.0,0.55,0.0,15.815,108.958,30.0,5.0
2022-12-15 10:26:04,1,140.04,True,False,False,False,24.448,0.0,0.547,0.0,15.815,108.958,30.0,5.0
2022-12-15 10:26:04,1,140.09,True,False,False,False,24.468,0.0,0.55,0.0,15.815,108.958,30.0,5.0
2022-12-15 10:26:04,1,140.14,True,False,False,False,24.447,0.0,0.548,0.0,15.815,108.958,30.0,5.0
2022-12-15 10:26:04,1,140.19,True,False,False,False,24.466,0.0,0.552,0.0,15.815,108.958,30.0,5.0
2022-12-15 10:26:05,1,140.24,True,False,False,False,24.444,0.0,0.549,0.0,15.815,108.958,30.0,5.0
2022-12-15 10:26:05,1,140.29,True,False,False,False,24.465,0.0,0.552,0.0,15.815,108.958,30.0,5.0
2022-12-15 10:26:05,1,140.34,True,False,False,False,24.443,0.0,0.55,0.0,15.815,108.958,30.0,5.0
2022-12-15 10:26:05,1,140.39,True,False,False,False,24.463,0.0,0.552,0.0,15.815,108.958,30.0,5.0
2022-12-15 10:26:05,1,140.44,True,False,False,False,24.442,0.0,0.551,0.0,15.815,108.958,30.0,5.0
2022-12-15 10:26:05,1,140.49,True,False,False,False,24.463,0.0,0.553,0.0,15.815,108.958,30.0,5.0
2022-12-15 10:26:05,1,140.54,True,False,False,False,24.443,0.0,0.551,0.0,15.815,108.958,30.0,5.0
2022-12-15 10:26:05,1,140.59,True,False,False,False,24.464,0.0,0.553,0.0,15.815,108.958,30.0,5.0
2022-12-15 10:26:05,1,140.64,True,False,False,False,24.444,0.0,0.55,0.0,15.815,108.958,30.0,5.0
2022-12-15 10:26:05,1,140.69,True,False,False,False,24.466,-0.0,0.553,0.0,15.815,108.958,30.0,5.0
2022-12-15 10:26:05,1,140.74,True,False,False,False,24.446,-0.0,0.55,0.0,15.815,108.958,30.0,5.0
2022-12-15 10:26:05,1,140.79,True,False,False,False,24.467,-0.0,0.553,0.0,15.815,108.958,30.0,5.0
2022-12-15 10:26:05,1,140.84,True,False,False,False,24.447,-0.0,0.548,0.0,15.815,108.958,30.0,5.0
2022-12-15 10:26:05,1,140.89,True,False,False,False,24.469,-0.0,0.552,0.0,15.815,108.958,30.0,5.0
2022-12-15 10:26:05,1,140.94,True,False,False,False,24.448,-0.0,0.549,0.0,15.815,108.958,30.0,5.0
2022-12-15 10:26:06,1,140.99,True,False,False,False,24.469,-0.0,0.551,0.0,15.815,108.958,30.0,5.0
2022-12-15 10:26:06,1,141.04,True,False,False,False,24.448,-0.0,0.548,0.0,15.815,108.958,30.0,5.0
2022-12-15 10:26:06,1,141.09,True,False,False,False,24.468,-0.0,0.551,0.0,15.815,108.958,30.0,5.0
2022-12-15 10:26:06,1,141.14,True,False,False,False,24.447,-0.0,0.548,0.0,15.815,108.958,30.0,5.0
2022-12-15 10:26:06,1,141.19,True,False,False,False,24.467,0.0,0.552,0.0,15.815,108.958,30.0,5.0
2022-12-15 10:26:06,1,141.24,True,False,False,False,24.445,-0.0,0.548,0.0,15.815,108.958,30.0,5.0
2022-12-15 10:26:06,1,141.29,True,False,False,False,24.466,-0.0,0.552,0.0,15.815,108.958,30.0,5.0
2022-12-15 10:26:06,1,141.34,True,False,False,False,24.444,-0.0,0.55,0.0,15.815,108.958,30.0,5.0
2022-12-15 10:26:06,1,141.39,True,False,False,False,24.465,0.0,0.552,0.0,15.815,108.958,30.0,5.0
2022-12-15 10:26:06,1,141.44,True,False,False,False,24.444,0.0,0.55,0.0,15.815,108.958,30.0,5.0
2022-12-15 10:26:06,1,141.49,True,False,False,False,24.465,0.0,0.553,0.0,15.815,108.958,30.0,5.0
2022-12-15 10:26:06,1,141.54,True,False,False,False,24.444,0.0,0.551,0.0,15.815,108.958,30.0,5.0
2022-12-15 10:26:06,1,141.59,True,False,False,False,24.466,0.0,0.553,0.0,15.815,108.958,30.0,5.0
2022-12-15 10:26:06,1,141.64,True,False,False,False,24.445,0.0,0.55,0.0,15.815,108.958,30.0,5.0
2022-12-15 10:26:06,1,141.69,True,False,False,False,24.467,0.0,0.553,0.0,15.815,108.958,30.0,5.0
2022-12-15 10:26:07,1,141.74,True,False,False,False,24.447,0.0,0.549,0.0,15.815,108.958,30.0,5.0
2022-12-15 10:26:07,1,141.79,True,False,False,False,24.468,0.0,0.552,0.0,15.815,108.958,30.0,5.0
2022-12-15 10:26:07,1,141.84,True,False,False,False,24.448,0.0,0.549,0.0,15.815,108.958,30.0,5.0
2022-12-15 10:26:07,1,141.89,True,False,False,False,24.469,0.0,0.551,0.0,15.815,108.958,30.0,5.0
2022-12-15 10:26:07,1,141.94,True,False,False,False,24.448,0.0,0.548,0.0,15.815,108.958,30.0,5.0
2022-12-15 10:26:07,1,141.99,True,False,False,False,24.469,0.0,0.55,0.0,15.815,108.958,30.0,5.0
2022-12-15 10:26:07,1,142.04,True,False,False,False,24.447,0.0,0.548,0.0,15.815,108.958,30.0,5.0
2022-12-15 10:26:07,1,142.09,True,False,False,False,24.468,0.0,0.552,0.0,15.815,108.958,30.0,5.0
2022-12-15 10:26:07,1,142.14,True,False,False,False,24.446,0.0,0.548,0.0,15.815,108.958,30.0,5.0
2022-12-15 10:26:07,1,142.19,True,False,False,False,24.466,-0.0,0.551,0.0,15.815,108.958,30.0,5.0
2022-12-15 10:26:07,1,142.24,True,False,False,False,24.445,0.0,0.549,0.0,15.815,108.958,30.0,5.0
2022-12-15 10:26:07,1,142.29,True,False,False,False,24.465,-0.0,0.552,0.0,15.815,108.958,30.0,5.0
2022-12-15 10:26:07,1,142.34,True,False,False,False,24.444,-0.0,0.55,0.0,15.815,108.958,30.0,5.0
2022-12-15 10:26:07,1,142.39,True,False,False,False,24.465,-0.0,0.553,0.0,15.815,108.958,30.0,5.0
2022-12-15 10:26:07,1,142.44,True,False,False,False,24.444,-0.0,0.551,0.0,15.815,108.958,30.0,5.0
2022-12-15 10:26:08,1,142.49,True,False,False,False,24.465,-0.0,0.553,0.0,15.815,108.958,30.0,5.0
2022-12-15 10:26:08,1,142.54,True,False,False,False,24.445,-0.0,0.55,0.0,15.815,108.958,30.0,5.0
2022-12-15 10:26:08,1,142.59,True,False,False,False,24.467,-0.0,0.553,0.0,15.815,108.958,30.0,5.0
2022-12-15 10:26:08,1,142.64,True,False,False,False,24.447,-0.0,0.549,0.0,15.815,108.958,30.0,5.0
2022-12-15 10:26:08,1,142.69,True,False,False,False,24.468,-0.0,0.552,0.0,15.815,108.958,30.0,5.0
2022-12-15 10:26:08,1,142.74,True,False,False,False,24.448,-0.0,0.549,0.0,15.815,108.958,30.0,5.0
2022-12-15 10:26:08,1,142.79,True,False,False,False,24.469,-0.0,0.55,0.0,15.815,108.958,30.0,5.0
2022-12-15 10:26:08,1,142.84,True,False,False,False,24.448,-0.0,0.548,0.0,15.815,108.958,30.0,5.0
2022-12-15 10:26:08,1,142.89,True,False,False,False,24.469,-0.0,0.55,0.0,15.815,108.958,30.0,5.0
2022-12-15 10:26:08,1,142.94,True,False,False,False,24.447,-0.0,0.548,0.0,15.815,108.958,30.0,5.0
2022-12-15 10:26:08,1,142.99,True,False,False,False,24.467,-0.0,0.551,0.0,15.815,108.958,30.0,5.0
2022-12-15 10:26:08,1,143.04,True,False,False,False,24.445,-0.0,0.549,0.0,15.815,108.958,30.0,5.0
2022-12-15 10:26:08,1,143.09,True,False,False,False,24.465,-0.0,0.552,0.0,15.815,108.958,30.0,5.0
2022-12-15 10:26:08,1,143.14,True,False,False,False,24.444,-0.0,0.55,0.0,15.815,108.958,30.0,5.0
2022-12-15 10:26:08,1,143.19,True,False,False,False,24.465,-0.0,0.553,0.0,15.815,108.958,30.0,5.0
2022-12-15 10:26:09,1,143.24,True,False,False,False,24.444,-0.0,0.55,0.0,15.815,108.958,30.0,5.0
2022-12-15 10:26:09,1,143.29,True,False,False,False,24.465,-0.0,0.553,0.0,15.815,108.958,30.0,5.0
2022-12-15 10:26:09,1,143.34,True,False,False,False,24.444,-0.0,0.551,0.0,15.815,108.958,30.0,5.0
2022-12-15 10:26:09,1,143.39,True,False,False,False,24.466,0.0,0.553,0.0,15.815,108.958,30.0,5.0
2022-12-15 10:26:09,1,143.44,True,False,False,False,24.446,0.0,0.55,0.0,15.815,108.958,30.0,5.0
2022-12-15 10:26:09,1,143.49,True,False,False,False,24.468,0.0,0.552,0.0,15.815,108.958,30.0,5.0
2022-12-15 10:26:09,1,143.54,True,False,False,False,24.447,0.0,0.549,0.0,15.815,108.958,30.0,5.0
2022-12-15 10:26:09,1,143.59,True,False,False,False,24.469,0.0,0.552,0.0,15.815,108.958,30.0,5.0
2022-12-15 10:26:09,1,143.64,True,False,False,False,24.448,0.0,0.549,0.0,15.815,108.958,30.0,5.0
2022-12-15 10:26:09,1,143.69,True,False,False,False,24.47,0.0,0.551,0.0,15.815,108.958,30.0,5.0
2022-12-15 10:26:09,1,143.74,True,False,False,False,24.449,0.0,0.548,0.0,15.815,108.958,30.0,5.0
2022-12-15 10:26:09,1,143.79,True,False,False,False,24.469,0.0,0.55,0.0,15.815,108.958,30.0,5.0
2022-12-15 10:26:09,1,143.84,True,False,False,False,24.448,0.0,0.548,0.0,15.815,108.958,30.0,5.0
2022-12-15 10:26:09,1,143.89,True,False,False,False,24.468,0.0,0.55,0.0,15.815,108.958,30.0,5.0
2022-12-15 10:26:09,1,143.94,True,False,False,False,24.446,0.0,0.548,0.0,15.815,108.958,30.0,5.0
2022-12-15 10:26:09,1,143.99,True,False,False,False,24.466,0.0,0.552,0.0,15.815,108.958,30.0,5.0
2022-12-15 10:26:10,1,144.04,True,False,False,False,24.444,0.0,0.55,0.0,15.815,108.958,30.0,5.0
2022-12-15 10:26:10,1,144.09,True,False,False,False,24.464,0.0,0.553,0.0,15.815,108.958,30.0,5.0
2022-12-15 10:26:10,1,144.14,True,False,False,False,24.443,-0.0,0.55,0.0,15.815,108.958,30.0,5.0
2022-12-15 10:26:10,1,144.19,True,False,False,False,24.464,-0.0,0.553,0.0,15.815,108.958,30.0,5.0
2022-12-15 10:26:10,1,144.24,True,False,False,False,24.443,-0.0,0.551,0.0,15.815,108.958,30.0,5.0
2022-12-15 10:26:10,1,144.29,True,False,False,False,24.464,-0.0,0.553,0.0,15.815,108.958,30.0,5.0
2022-12-15 10:26:10,1,144.34,True,False,False,False,24.444,-0.0,0.551,0.0,15.815,108.958,30.0,5.0
2022-12-15 10:26:10,1,144.39,True,False,False,False,24.466,-0.0,0.553,0.0,15.815,108.958,30.0,5.0
2022-12-15 10:26:10,1,144.44,True,False,False,False,24.446,-0.0,0.55,0.0,15.815,108.958,30.0,5.0
2022-12-15 10:26:10,1,144.49,True,False,False,False,24.468,-0.0,0.553,0.0,15.815,108.958,30.0,5.0
2022-12-15 10:26:10,1,144.54,True,False,False,False,24.448,-0.0,0.549,0.0,15.815,108.958,30.0,5.0
2022-12-15 10:26:10,1,144.59,True,False,False,False,24.469,-0.0,0.551,0.0,15.815,108.958,30.0,5.0
2022-12-15 10:26:10,1,144.64,True,False,False,False,24.449,-0.0,0.548,0.0,15.815,108.958,30.0,5.0
2022-12-15 10:26:10,1,144.69,True,False,False,False,24.47,-0.0,0.55,0.0,15.815,108.958,30.0,5.0
2022-12-15 10:26:10,1,144.74,True,False,False,False,24.449,-0.0,0.547,0.0,15.815,108.958,30.0,5.0
2022-12-15 10:26:11,1,144.79,True,False,False,False,24.469,-0.0,0.55,0.0,15.815,108.958,30.0,5.0
2022-12-15 10:26:11,1,144.84,True,False,False,False,24.447,-0.0,0.548,0.0,15.815,108.958,30.0,5.0
2022-12-15 10:26:11,1,144.89,True,False,False,False,24.467,-0.0,0.551,0.0,15.815,108.958,30.0,5.0
2022-12-15 10:26:11,1,144.94,True,False,False,False,24.445,-0.0,0.548,0.0,15.815,108.958,30.0,5.0
2022-12-15 10:26:11,1,144.99,True,False,False,False,24.465,-0.0,0.552,0.0,15.815,108.958,30.0,5.0
2022-12-15 10:26:11,1,145.04,True,False,False,False,24.443,-0.0,0.55,0.0,15.815,108.958,30.0,5.0
2022-12-15 10:26:11,1,145.09,True,False,False,False,24.463,-0.0,0.552,0.0,15.815,108.958,30.0,5.0
2022-12-15 10:26:11,1,145.14,True,False,False,False,24.442,-0.0,0.55,0.0,15.815,108.958,30.0,5.0
2022-12-15 10:26:11,1,145.19,True,False,False,False,24.463,-0.0,0.553,0.0,15.815,108.958,30.0,5.0
2022-12-15 10:26:11,1,145.24,True,False,False,False,24.442,-0.0,0.55,0.0,15.815,108.958,30.0,5.0
2022-12-15 10:26:11,1,145.29,True,False,False,False,24.464,-0.0,0.553,0.0,15.815,108.958,30.0,5.0
2022-12-15 10:26:11,1,145.34,True,False,False,False,24.443,-0.0,0.55,0.0,15.815,108.958,30.0,5.0
2022-12-15 10:26:11,1,145.39,True,False,False,False,24.465,-0.0,0.553,0.0,15.815,108.958,30.0,5.0
2022-12-15 10:26:11,1,145.44,True,False,False,False,24.444,-0.0,0.551,0.0,15.815,108.958,30.0,5.0
2022-12-15 10:26:11,1,145.49,True,False,False,False,24.466,-0.0,0.553,0.0,15.815,108.958,30.0,5.0
2022-12-15 10:26:12,1,145.54,True,False,False,False,24.446,-0.0,0.55,0.0,15.815,108.958,30.0,5.0
2022-12-15 10:26:12,1,145.59,True,False,False,False,24.468,-0.0,0.553,0.0,15.815,108.958,30.0,5.0
2022-12-15 10:26:12,1,145.64,True,False,False,False,24.448,-0.0,0.55,0.0,15.815,108.958,30.0,5.0
2022-12-15 10:26:12,1,145.69,True,False,False,False,24.47,-0.0,0.551,0.0,15.815,108.958,30.0,5.0
2022-12-15 10:26:12,1,145.74,True,False,False,False,24.449,-0.0,0.548,0.0,15.815,108.958,30.0,5.0
